comm_2_0	Rhodoferax_saidenbachensis_DSM_22694
comm_2_0	Sediminibacterium_salmoneum_NBRC_103935
comm_2_1	Acidovorax_radicis_N35
comm_2_1	Sediminibacterium_salmoneum_NBRC_103935
comm_2_2	Polynucleobacter_asymbioticus_QLW_P1DMWA_1
comm_2_2	Rhodoferax_saidenbachensis_DSM_22694
comm_2_3	Acidovorax_radicis_N35
comm_2_3	Polynucleobacter_asymbioticus_QLW_P1DMWA_1
comm_2_4	Massilia_timonae_NEU
comm_2_4	Rugamonas_rubra_ATCC_43154
comm_2_5	Rhodoferax_fermentans_JCM_7819
comm_2_5	Rhodoferax_saidenbachensis_DSM_22694
comm_2_6	Flavobacterium_succinicans_LMG_10402
comm_2_6	Massilia_timonae_NEU
comm_2_7	Polynucleobacter_asymbioticus_QLW_P1DMWA_1
comm_2_7	Sediminibacterium_salmoneum_NBRC_103935
comm_2_8	Massilia_timonae_NEU
comm_2_8	Massilia_yuzhufengensis_CGMCC_1_12041
comm_2_9	Arthrobacter_enclensis_NIO_1008
comm_2_9	Massilia_timonae_NEU
comm_2_10	Devosia_insulae_DS_56
comm_2_10	Massilia_timonae_NEU
comm_2_11	Polynucleobacter_duraquae_MWH_MoK4
comm_2_11	Rhodoferax_saidenbachensis_DSM_22694
comm_2_12	Acidovorax_radicis_N35
comm_2_12	Rhodoferax_fermentans_JCM_7819
comm_2_13	Arthrobacter_enclensis_NIO_1008
comm_2_13	Pseudomonas_fuscovaginae_LMG_2158
comm_2_14	Polynucleobacter_asymbioticus_QLW_P1DMWA_1
comm_2_14	Polynucleobacter_duraquae_MWH_MoK4
comm_2_15	Arthrobacter_enclensis_NIO_1008
comm_2_15	Bradyrhizobium_neotropicale_BR_10247
comm_2_16	Bradyrhizobium_neotropicale_BR_10247
comm_2_16	Devosia_insulae_DS_56
comm_2_17	Acidovorax_radicis_N35
comm_2_17	Polynucleobacter_duraquae_MWH_MoK4
comm_2_18	Bradyrhizobium_neotropicale_BR_10247
comm_2_18	Pseudomonas_fuscovaginae_LMG_2158
comm_2_19	Devosia_insulae_DS_56
comm_2_19	Phenylobacterium_immobile_ATCC_35973_strain_E
comm_2_20	Bradyrhizobium_neotropicale_BR_10247
comm_2_20	Methylibium_petroleiphilum_PM1
comm_2_21	Polynucleobacter_duraquae_MWH_MoK4
comm_2_21	Sediminibacterium_salmoneum_NBRC_103935
comm_2_22	Polynucleobacter_asymbioticus_QLW_P1DMWA_1
comm_2_22	Rhodoferax_fermentans_JCM_7819
comm_2_23	Devosia_insulae_DS_56
comm_2_23	Rugamonas_rubra_ATCC_43154
comm_2_24	Bradyrhizobium_neotropicale_BR_10247
comm_2_24	Massilia_timonae_NEU
comm_2_25	Pseudomonas_fluorescens_F113
comm_2_25	Pseudomonas_fuscovaginae_LMG_2158
comm_2_26	Rhodoferax_fermentans_JCM_7819
comm_2_26	Sediminibacterium_salmoneum_NBRC_103935
comm_2_27	Massilia_timonae_NEU
comm_2_27	Pseudomonas_fluorescens_F113
comm_2_28	Arthrobacter_enclensis_NIO_1008
comm_2_28	Methylibium_petroleiphilum_PM1
comm_2_29	Flavobacterium_succinicans_LMG_10402
comm_2_29	Rugamonas_rubra_ATCC_43154
comm_2_30	Arthrobacter_enclensis_NIO_1008
comm_2_30	Devosia_insulae_DS_56
comm_2_31	Massilia_timonae_NEU
comm_2_31	Methylibium_petroleiphilum_PM1
comm_2_32	Devosia_insulae_DS_56
comm_2_32	Methylibium_petroleiphilum_PM1
comm_2_33	Beijerinckia_indica_subsp_indica_ATCC_9039
comm_2_33	Rhodoferax_saidenbachensis_DSM_22694
comm_2_34	Massilia_timonae_NEU
comm_2_34	Niabella_soli_DSM_19437_JS13_8_DSM_19437
comm_2_35	Massilia_timonae_NEU
comm_2_35	Phenylobacterium_immobile_ATCC_35973_strain_E
comm_2_36	Arthrobacter_enclensis_NIO_1008
comm_2_36	Pseudomonas_fluorescens_F113
comm_2_37	Devosia_insulae_DS_56
comm_2_37	Niabella_soli_DSM_19437_JS13_8_DSM_19437
comm_2_38	Bradyrhizobium_neotropicale_BR_10247
comm_2_38	Phenylobacterium_immobile_ATCC_35973_strain_E
comm_2_39	Bradyrhizobium_neotropicale_BR_10247
comm_2_39	Rugamonas_rubra_ATCC_43154
comm_2_40	Methylibium_petroleiphilum_PM1
comm_2_40	Pseudomonas_fuscovaginae_LMG_2158
comm_2_41	Bradyrhizobium_neotropicale_BR_10247
comm_2_41	Pseudorhodoplanes_sinuspersici_RIPI110
comm_2_42	Methylibium_petroleiphilum_PM1
comm_2_42	Pseudorhodoplanes_sinuspersici_RIPI110
comm_2_43	Acidovorax_soli_DSM_25157
comm_2_43	Massilia_timonae_NEU
comm_2_44	Devosia_insulae_DS_56
comm_2_44	Pseudorhodoplanes_sinuspersici_RIPI110
comm_2_45	Beijerinckia_indica_subsp_indica_ATCC_9039
comm_2_45	Sediminibacterium_salmoneum_NBRC_103935
comm_2_46	Arthrobacter_enclensis_NIO_1008
comm_2_46	Rugamonas_rubra_ATCC_43154
comm_2_47	Phenylobacterium_immobile_ATCC_35973_strain_E
comm_2_47	Rugamonas_rubra_ATCC_43154
comm_2_48	Acidovorax_soli_DSM_25157
comm_2_48	Rugamonas_rubra_ATCC_43154
comm_2_49	Devosia_insulae_DS_56
comm_2_49	Flavobacterium_succinicans_LMG_10402
comm_2_50	Niabella_soli_DSM_19437_JS13_8_DSM_19437
comm_2_50	Pseudomonas_fuscovaginae_LMG_2158
comm_2_51	Pseudomonas_fuscovaginae_LMG_2158
comm_2_51	Pseudorhodoplanes_sinuspersici_RIPI110
comm_2_52	Flavobacterium_succinicans_LMG_10402
comm_2_52	Pseudomonas_fluorescens_F113
comm_2_53	Bradyrhizobium_erythrophlei_GAS401
comm_2_53	Bradyrhizobium_neotropicale_BR_10247
comm_2_54	Aquincola_tertiaricarbonis_MIMtkpLc11
comm_2_54	Massilia_timonae_NEU
comm_2_55	Bradyrhizobium_neotropicale_BR_10247
comm_2_55	Pseudomonas_fluorescens_F113
comm_2_56	Niabella_soli_DSM_19437_JS13_8_DSM_19437
comm_2_56	Pseudomonas_fluorescens_F113
comm_2_57	Methylibium_petroleiphilum_PM1
comm_2_57	Phenylobacterium_immobile_ATCC_35973_strain_E
comm_2_58	Arthrobacter_enclensis_NIO_1008
comm_2_58	Pseudorhodoplanes_sinuspersici_RIPI110
comm_2_59	Hyalangium_minutum_DSM_14724
comm_2_59	Methylibium_petroleiphilum_PM1
comm_2_60	Flavobacterium_succinicans_LMG_10402
comm_2_60	Niabella_soli_DSM_19437_JS13_8_DSM_19437
comm_2_61	Bacillus_circulans_NBRC_13626
comm_2_61	Bradyrhizobium_neotropicale_BR_10247
comm_2_62	Methylibium_petroleiphilum_PM1
comm_2_62	Niabella_soli_DSM_19437_JS13_8_DSM_19437
comm_2_63	Devosia_insulae_DS_56
comm_2_63	Pseudomonas_fluorescens_F113
comm_2_64	Phenylobacterium_immobile_ATCC_35973_strain_E
comm_2_64	Pseudorhodoplanes_sinuspersici_RIPI110
comm_2_65	Arthrobacter_enclensis_NIO_1008
comm_2_65	Niabella_soli_DSM_19437_JS13_8_DSM_19437
comm_2_66	Bradyrhizobium_neotropicale_BR_10247
comm_2_66	Niabella_soli_DSM_19437_JS13_8_DSM_19437
comm_2_67	Aquincola_tertiaricarbonis_MIMtkpLc11
comm_2_67	Devosia_insulae_DS_56
comm_2_68	Massilia_timonae_NEU
comm_2_68	Pseudorhodoplanes_sinuspersici_RIPI110
comm_2_69	Polaromonas_jejuensis_NBRC_106434
comm_2_69	Rhodoferax_saidenbachensis_DSM_22694
comm_2_70	Polynucleobacter_duraquae_MWH_MoK4
comm_2_70	Rhodoferax_fermentans_JCM_7819
comm_2_71	Bradyrhizobium_neotropicale_BR_10247
comm_2_71	Hyalangium_minutum_DSM_14724
comm_2_72	Bacillus_circulans_NBRC_13626
comm_2_72	Devosia_insulae_DS_56
comm_2_73	Bacillus_circulans_NBRC_13626
comm_2_73	Flavobacterium_succinicans_LMG_10402
comm_2_74	Arthrobacter_enclensis_NIO_1008
comm_2_74	Bacillus_circulans_NBRC_13626
comm_2_75	Arthrobacter_enclensis_NIO_1008
comm_2_75	Flavobacterium_succinicans_LMG_10402
comm_2_76	Methylobacter_tundripaludum_SV96
comm_2_76	Rhodoferax_saidenbachensis_DSM_22694
comm_2_77	Acidovorax_soli_DSM_25157
comm_2_77	Bacillus_circulans_NBRC_13626
comm_2_78	Bradyrhizobium_erythrophlei_GAS401
comm_2_78	Methylibium_petroleiphilum_PM1
comm_2_79	Methylibium_petroleiphilum_PM1
comm_2_79	Rugamonas_rubra_ATCC_43154
comm_2_80	Devosia_insulae_DS_56
comm_2_80	Hyalangium_minutum_DSM_14724
comm_2_81	Bacillus_circulans_NBRC_13626
comm_2_81	Methylibium_petroleiphilum_PM1
comm_2_82	Devosia_insulae_DS_56
comm_2_82	Rhizobacter_gummiphilus_NS21
comm_2_83	Bradyrhizobium_erythrophlei_GAS401
comm_2_83	Pseudomonas_fuscovaginae_LMG_2158
comm_2_84	Arthrobacter_enclensis_NIO_1008
comm_2_84	Phenylobacterium_immobile_ATCC_35973_strain_E
comm_2_85	Methylibium_petroleiphilum_PM1
comm_2_85	Pseudomonas_fluorescens_F113
comm_2_86	Niabella_soli_DSM_19437_JS13_8_DSM_19437
comm_2_86	Pseudorhodoplanes_sinuspersici_RIPI110
comm_2_87	Pseudomonas_fluorescens_F113
comm_2_87	Rugamonas_rubra_ATCC_43154
comm_2_88	Acidovorax_soli_DSM_25157
comm_2_88	Devosia_insulae_DS_56
comm_2_89	Aquincola_tertiaricarbonis_MIMtkpLc11
comm_2_89	Methylibium_petroleiphilum_PM1
comm_2_90	Bradyrhizobium_erythrophlei_GAS401
comm_2_90	Massilia_timonae_NEU
comm_2_91	Devosia_insulae_DS_56
comm_2_91	Lacunisphaera_limnophila_IG16b
comm_2_92	Aquincola_tertiaricarbonis_MIMtkpLc11
comm_2_92	Phenylobacterium_immobile_ATCC_35973_strain_E
comm_2_93	Bradyrhizobium_erythrophlei_GAS401
comm_2_93	Devosia_insulae_DS_56
comm_2_94	Arthrobacter_enclensis_NIO_1008
comm_2_94	Bradyrhizobium_erythrophlei_GAS401
comm_2_95	Massilia_timonae_NEU
comm_2_95	Rhizobacter_gummiphilus_NS21
comm_2_96	Acidovorax_soli_DSM_25157
comm_2_96	Flavobacterium_succinicans_LMG_10402
comm_2_97	Beijerinckia_indica_subsp_indica_ATCC_9039
comm_2_97	Rhodoferax_fermentans_JCM_7819
comm_2_98	Hyalangium_minutum_DSM_14724
comm_2_98	Pseudorhodoplanes_sinuspersici_RIPI110
comm_2_99	Aquincola_tertiaricarbonis_MIMtkpLc11
comm_2_99	Flavobacterium_succinicans_LMG_10402
comm_2_100	Aquincola_tertiaricarbonis_MIMtkpLc11
comm_2_100	Rugamonas_rubra_ATCC_43154
comm_2_101	Aquincola_tertiaricarbonis_MIMtkpLc11
comm_2_101	Bradyrhizobium_neotropicale_BR_10247
comm_2_102	Arthrobacter_enclensis_NIO_1008
comm_2_102	Hyalangium_minutum_DSM_14724
comm_2_103	Arthrobacter_enclensis_NIO_1008
comm_2_103	Massilia_yuzhufengensis_CGMCC_1_12041
comm_2_104	Niabella_soli_DSM_19437_JS13_8_DSM_19437
comm_2_104	Phenylobacterium_immobile_ATCC_35973_strain_E
comm_2_105	Aquincola_tertiaricarbonis_MIMtkpLc11
comm_2_105	Niabella_soli_DSM_19437_JS13_8_DSM_19437
comm_2_106	Hyalangium_minutum_DSM_14724
comm_2_106	Pseudomonas_fuscovaginae_LMG_2158
comm_2_107	Pandoraea_thiooxydans_ATSB16
comm_2_107	Rhodoferax_saidenbachensis_DSM_22694
comm_2_108	Hyalangium_minutum_DSM_14724
comm_2_108	Phenylobacterium_immobile_ATCC_35973_strain_E
comm_2_109	Hyalangium_minutum_DSM_14724
comm_2_109	Massilia_timonae_NEU
comm_2_110	Niabella_soli_DSM_19437_JS13_8_DSM_19437
comm_2_110	Rugamonas_rubra_ATCC_43154
comm_2_111	Aquincola_tertiaricarbonis_MIMtkpLc11
comm_2_111	Pseudorhodoplanes_sinuspersici_RIPI110
comm_2_112	Bradyrhizobium_erythrophlei_GAS401
comm_2_112	Pseudorhodoplanes_sinuspersici_RIPI110
comm_2_113	Pseudomonas_fluorescens_F113
comm_2_113	Pseudorhodoplanes_sinuspersici_RIPI110
comm_2_114	Bradyrhizobium_neotropicale_BR_10247
comm_2_114	Paenirhodobacter_enshiensis_DW2_9
comm_2_115	Bradyrhizobium_neotropicale_BR_10247
comm_2_115	Lacunisphaera_limnophila_IG16b
comm_2_116	Flavobacterium_succinicans_LMG_10402
comm_2_116	Methylibium_petroleiphilum_PM1
comm_2_117	Lacunisphaera_limnophila_IG16b
comm_2_117	Massilia_timonae_NEU
comm_2_118	Pseudorhodoplanes_sinuspersici_RIPI110
comm_2_118	Rugamonas_rubra_ATCC_43154
comm_2_119	Bradyrhizobium_neotropicale_BR_10247
comm_2_119	Rhizobacter_gummiphilus_NS21
comm_2_120	Bradyrhizobium_neotropicale_BR_10247
comm_2_120	Flavobacterium_succinicans_LMG_10402
comm_2_121	Methylobacter_tundripaludum_SV96
comm_2_121	Polynucleobacter_asymbioticus_QLW_P1DMWA_1
comm_2_122	Lacunisphaera_limnophila_IG16b
comm_2_122	Methylibium_petroleiphilum_PM1
comm_2_123	Lacunisphaera_limnophila_IG16b
comm_2_123	Niabella_soli_DSM_19437_JS13_8_DSM_19437
comm_2_124	Beijerinckia_indica_subsp_indica_ATCC_9039
comm_2_124	Polynucleobacter_asymbioticus_QLW_P1DMWA_1
comm_2_125	Acidovorax_radicis_N35
comm_2_125	Methylobacter_tundripaludum_SV96
comm_2_126	Flavobacterium_succinicans_LMG_10402
comm_2_126	Phenylobacterium_immobile_ATCC_35973_strain_E
comm_2_127	Methylobacter_tundripaludum_SV96
comm_2_127	Sediminibacterium_salmoneum_NBRC_103935
comm_2_128	Methylotenera_versatilis_301
comm_2_128	Rhodoferax_saidenbachensis_DSM_22694
comm_2_129	Aquincola_tertiaricarbonis_MIMtkpLc11
comm_2_129	Arthrobacter_enclensis_NIO_1008
comm_2_130	Lacunisphaera_limnophila_IG16b
comm_2_130	Pseudorhodoplanes_sinuspersici_RIPI110
comm_2_131	Acidovorax_konjaci_DSM_7481
comm_2_131	Phenylobacterium_immobile_ATCC_35973_strain_E
comm_2_132	Bacillus_circulans_NBRC_13626
comm_2_132	Hyalangium_minutum_DSM_14724
comm_2_133	Phenylobacterium_immobile_ATCC_35973_strain_E
comm_2_133	Rhizobacter_gummiphilus_NS21
comm_2_134	Hyalangium_minutum_DSM_14724
comm_2_134	Rugamonas_rubra_ATCC_43154
comm_2_135	Rhizobacter_gummiphilus_NS21
comm_2_135	Rugamonas_rubra_ATCC_43154
comm_2_136	Neorhizobium_galegae_bv_orientalis_str_HAMBI_540
comm_2_136	Rugamonas_rubra_ATCC_43154
comm_2_137	Acidovorax_soli_DSM_25157
comm_2_137	Phenylobacterium_immobile_ATCC_35973_strain_E
comm_2_138	Massilia_timonae_NEU
comm_2_138	Microbacterium_aurum_KACC_15219
comm_2_139	Phenylobacterium_immobile_ATCC_35973_strain_E
comm_2_139	Pseudomonas_fluorescens_F113
comm_2_140	Bacillus_mycoides_ATCC_6462
comm_2_140	Bradyrhizobium_neotropicale_BR_10247
comm_2_141	Hyalangium_minutum_DSM_14724
comm_2_141	Niabella_soli_DSM_19437_JS13_8_DSM_19437
comm_2_142	Bacillus_circulans_NBRC_13626
comm_2_142	Pseudomonas_fluorescens_F113
comm_2_143	Methylobacter_tundripaludum_SV96
comm_2_143	Polynucleobacter_duraquae_MWH_MoK4
comm_2_144	Acidovorax_soli_DSM_25157
comm_2_144	Bradyrhizobium_neotropicale_BR_10247
comm_2_145	Lacunisphaera_limnophila_IG16b
comm_2_145	Phenylobacterium_immobile_ATCC_35973_strain_E
comm_2_146	Bacillus_circulans_NBRC_13626
comm_2_146	Pseudorhodoplanes_sinuspersici_RIPI110
comm_2_147	Methylobacter_tundripaludum_SV96
comm_2_147	Rhodoferax_fermentans_JCM_7819
comm_2_148	Niabella_soli_DSM_19437_JS13_8_DSM_19437
comm_2_148	Rhizobacter_gummiphilus_NS21
comm_2_149	Aquincola_tertiaricarbonis_MIMtkpLc11
comm_2_149	Lacunisphaera_limnophila_IG16b
comm_2_150	Polaromonas_jejuensis_NBRC_106434
comm_2_150	Sediminibacterium_salmoneum_NBRC_103935
comm_2_151	Bradyrhizobium_neotropicale_BR_10247
comm_2_151	Solirubrobacter_soli_DSM_22325
comm_2_152	Rhodoferax_saidenbachensis_DSM_22694
comm_2_152	Simplicispira_psychrophila_DSM_11588
comm_2_153	Acidovorax_konjaci_DSM_7481
comm_2_153	Devosia_insulae_DS_56
comm_2_154	Lacunisphaera_limnophila_IG16b
comm_2_154	Rugamonas_rubra_ATCC_43154
comm_2_155	Pedobacter_agri_PB92
comm_2_155	Rugamonas_rubra_ATCC_43154
comm_2_156	Massilia_timonae_NEU
comm_2_156	Neorhizobium_galegae_bv_orientalis_str_HAMBI_540
comm_2_157	Caulobacter_henricii_CF287
comm_2_157	Rugamonas_rubra_ATCC_43154
comm_2_158	Lacunisphaera_limnophila_IG16b
comm_2_158	Pseudomonas_fuscovaginae_LMG_2158
comm_2_159	Acidovorax_konjaci_DSM_7481
comm_2_159	Methylibium_petroleiphilum_PM1
comm_2_160	Aquincola_tertiaricarbonis_MIMtkpLc11
comm_2_160	Pseudomonas_fluorescens_F113
comm_2_161	Hyalangium_minutum_DSM_14724
comm_2_161	Pseudomonas_fluorescens_F113
comm_2_162	Acidovorax_konjaci_DSM_7481
comm_2_162	Bradyrhizobium_neotropicale_BR_10247
comm_2_163	Sediminibacterium_salmoneum_NBRC_103935
comm_2_163	Simplicispira_psychrophila_DSM_11588
comm_2_164	Arthrobacter_enclensis_NIO_1008
comm_2_164	Rhizobacter_gummiphilus_NS21
comm_2_165	Acidovorax_soli_DSM_25157
comm_2_165	Arthrobacter_enclensis_NIO_1008
comm_2_166	Bradyrhizobium_neotropicale_BR_10247
comm_2_166	Steroidobacter_denitrificans_DSM_18526
comm_2_167	Arthrobacter_enclensis_NIO_1008
comm_2_167	Lacunisphaera_limnophila_IG16b
comm_2_168	Methylibium_petroleiphilum_PM1
comm_2_168	Rhizobacter_gummiphilus_NS21
comm_2_169	Devosia_insulae_DS_56
comm_2_169	Microbacterium_aurum_KACC_15219
comm_2_170	Flavobacterium_succinicans_LMG_10402
comm_2_170	Pseudorhodoplanes_sinuspersici_RIPI110
comm_2_171	Megasphaera_cerevisiae_DSM_20462
comm_2_171	Streptococcus_cristatus_AS_1_3089
comm_2_172	Acidovorax_konjaci_DSM_7481
comm_2_172	Massilia_timonae_NEU
comm_2_173	Bacillus_circulans_NBRC_13626
comm_2_173	Bradyrhizobium_erythrophlei_GAS401
comm_2_174	Acidovorax_konjaci_DSM_7481
comm_2_174	Rugamonas_rubra_ATCC_43154
comm_2_175	Azohydromonas_australica_DSM_1124
comm_2_175	Methylibium_petroleiphilum_PM1
comm_2_176	Bradyrhizobium_neotropicale_BR_10247
comm_2_176	Chthoniobacter_flavus_Ellin428
comm_2_177	Bradyrhizobium_erythrophlei_GAS401
comm_2_177	Niabella_soli_DSM_19437_JS13_8_DSM_19437
comm_2_178	Aquincola_tertiaricarbonis_MIMtkpLc11
comm_2_178	Rhizobacter_gummiphilus_NS21
comm_2_179	Aquincola_tertiaricarbonis_MIMtkpLc11
comm_2_179	Hyalangium_minutum_DSM_14724
comm_2_180	Acidovorax_soli_DSM_25157
comm_2_180	Pseudomonas_fluorescens_F113
comm_2_181	Caulobacter_henricii_CF287
comm_2_181	Devosia_insulae_DS_56
comm_2_182	Bradyrhizobium_erythrophlei_GAS401
comm_2_182	Pseudomonas_fluorescens_F113
comm_2_183	Corynebacterium_aurimucosum_1237_CAUR
comm_2_183	Megasphaera_cerevisiae_DSM_20462
comm_2_184	Bacillus_circulans_NBRC_13626
comm_2_184	Niabella_soli_DSM_19437_JS13_8_DSM_19437
comm_2_185	Acidovorax_radicis_N35
comm_2_185	Hydrobacter_penzbergensis_DSM_25353
comm_2_186	Acidovorax_konjaci_DSM_7481
comm_2_186	Arthrobacter_enclensis_NIO_1008
comm_2_187	Flavobacterium_succinicans_LMG_10402
comm_2_187	Rhizobacter_gummiphilus_NS21
comm_2_188	Acidovorax_radicis_N35
comm_2_188	Methylobacillus_rhizosphaerae_Ca_68
comm_2_189	Megasphaera_cerevisiae_DSM_20462
comm_2_189	Mycoplasma_wenyonii_str_Massachusetts
comm_2_190	Hydrobacter_penzbergensis_DSM_25353
comm_2_190	Rhodoferax_saidenbachensis_DSM_22694
comm_2_191	Bradyrhizobium_erythrophlei_GAS401
comm_2_191	Hyalangium_minutum_DSM_14724
comm_2_192	Hydrobacter_penzbergensis_DSM_25353
comm_2_192	Polynucleobacter_asymbioticus_QLW_P1DMWA_1
comm_2_193	Massilia_timonae_NEU
comm_2_193	Sphingomonas_astaxanthinifaciens_DSM_22298
comm_2_194	Azohydromonas_australica_DSM_1124
comm_2_194	Pseudorhodoplanes_sinuspersici_RIPI110
comm_2_195	Methylobacillus_rhizosphaerae_Ca_68
comm_2_195	Polynucleobacter_asymbioticus_QLW_P1DMWA_1
comm_2_196	Acidovorax_soli_DSM_25157
comm_2_196	Methylibium_petroleiphilum_PM1
comm_2_197	Bradyrhizobium_erythrophlei_GAS401
comm_2_197	Rugamonas_rubra_ATCC_43154
comm_2_198	Arthrobacter_enclensis_NIO_1008
comm_2_198	Sphingomonas_astaxanthinifaciens_DSM_22298
comm_2_199	Massilia_timonae_NEU
comm_2_199	Pedobacter_agri_PB92
comm_2_200	Arthrobacter_enclensis_NIO_1008
comm_2_200	Bacillus_mycoides_ATCC_6462
comm_2_201	Bradyrhizobium_erythrophlei_GAS401
comm_2_201	Phenylobacterium_immobile_ATCC_35973_strain_E
comm_2_202	Chthoniobacter_flavus_Ellin428
comm_2_202	Methylibium_petroleiphilum_PM1
comm_2_203	Lacunisphaera_limnophila_IG16b
comm_2_203	Pseudomonas_fluorescens_F113
comm_2_204	Devosia_insulae_DS_56
comm_2_204	Paenirhodobacter_enshiensis_DW2_9
comm_2_205	Acidovorax_soli_DSM_25157
comm_2_205	Niabella_soli_DSM_19437_JS13_8_DSM_19437
comm_2_206	Methylibium_petroleiphilum_PM1
comm_2_206	Solirubrobacter_soli_DSM_22325
comm_2_207	Caulobacter_henricii_CF287
comm_2_207	Flavobacterium_succinicans_LMG_10402
comm_2_208	Chthoniobacter_flavus_Ellin428
comm_2_208	Devosia_insulae_DS_56
comm_2_209	Arenimonas_oryziterrae_DSM_21050_YC6267
comm_2_209	Methylibium_petroleiphilum_PM1
comm_2_210	Acidovorax_soli_DSM_25157
comm_2_210	Hyalangium_minutum_DSM_14724
comm_2_211	Beijerinckia_indica_subsp_indica_ATCC_9039
comm_2_211	Polynucleobacter_duraquae_MWH_MoK4
comm_2_212	Aquincola_tertiaricarbonis_MIMtkpLc11
comm_2_212	Bradyrhizobium_erythrophlei_GAS401
comm_2_213	Methylibium_petroleiphilum_PM1
comm_2_213	Paenirhodobacter_enshiensis_DW2_9
comm_2_214	Hydrobacter_penzbergensis_DSM_25353
comm_2_214	Sediminibacterium_salmoneum_NBRC_103935
comm_2_215	Chthoniobacter_flavus_Ellin428
comm_2_215	Pseudorhodoplanes_sinuspersici_RIPI110
comm_2_216	Pseudorhodoplanes_sinuspersici_RIPI110
comm_2_216	Rhizobacter_gummiphilus_NS21
comm_2_217	Azohydromonas_australica_DSM_1124
comm_2_217	Bradyrhizobium_neotropicale_BR_10247
comm_2_218	Pseudomonas_fluorescens_F113
comm_2_218	Rhizobacter_gummiphilus_NS21
comm_2_219	Bacillus_circulans_NBRC_13626
comm_2_219	Sporosarcina_koreensis_S_K12
comm_2_220	Caulobacter_henricii_CF287
comm_2_220	Phenylobacterium_immobile_ATCC_35973_strain_E
comm_2_221	Bacillus_mycoides_ATCC_6462
comm_2_221	Methylibium_petroleiphilum_PM1
comm_2_222	Hyalangium_minutum_DSM_14724
comm_2_222	Lacunisphaera_limnophila_IG16b
comm_2_223	Flavobacterium_succinicans_LMG_10402
comm_2_223	Lacunisphaera_limnophila_IG16b
comm_2_224	Methylibium_petroleiphilum_PM1
comm_2_224	Steroidobacter_denitrificans_DSM_18526
comm_2_225	Devosia_insulae_DS_56
comm_2_225	Steroidobacter_denitrificans_DSM_18526
comm_2_226	Massilia_timonae_NEU
comm_2_226	Sphingomonas_taxi_ATCC_55669
comm_2_227	Azohydromonas_australica_DSM_1124
comm_2_227	Devosia_insulae_DS_56
comm_2_228	Arenimonas_oryziterrae_DSM_21050_YC6267
comm_2_228	Arthrobacter_enclensis_NIO_1008
comm_2_229	Mycobacterium_obuense_DSM_44075
comm_2_229	Rhodoferax_saidenbachensis_DSM_22694
comm_2_230	Arenimonas_oryziterrae_DSM_21050_YC6267
comm_2_230	Devosia_insulae_DS_56
comm_2_231	Massilia_timonae_NEU
comm_2_231	Sphingomonas_echinoides_ATCC_14820
comm_2_232	Bradyrhizobium_neotropicale_BR_10247
comm_2_232	Xylophilus_ampelinus_CCH5_B3
comm_2_233	Arenimonas_oryziterrae_DSM_21050_YC6267
comm_2_233	Massilia_timonae_NEU
comm_2_234	Paenirhodobacter_enshiensis_DW2_9
comm_2_234	Phenylobacterium_immobile_ATCC_35973_strain_E
comm_2_235	Flavobacterium_succinicans_LMG_10402
comm_2_235	Hyalangium_minutum_DSM_14724
comm_2_236	Methylobacillus_rhizosphaerae_Ca_68
comm_2_236	Rhodoferax_saidenbachensis_DSM_22694
comm_2_237	Bradyrhizobium_neotropicale_BR_10247
comm_2_237	Nitrospira_japonica
comm_2_238	Arthrobacter_enclensis_NIO_1008
comm_2_238	Chthoniobacter_flavus_Ellin428
comm_2_239	Phenylobacterium_immobile_ATCC_35973_strain_E
comm_2_239	Steroidobacter_denitrificans_DSM_18526
comm_2_240	Lacunisphaera_limnophila_IG16b
comm_2_240	Rhizobacter_gummiphilus_NS21
comm_2_241	Arthrobacter_enclensis_NIO_1008
comm_2_241	Paenirhodobacter_enshiensis_DW2_9
comm_2_242	Aquincola_tertiaricarbonis_MIMtkpLc11
comm_2_242	Simplicispira_psychrophila_DSM_11588
comm_2_243	Methylobacillus_rhizosphaerae_Ca_68
comm_2_243	Polynucleobacter_duraquae_MWH_MoK4
comm_2_244	Devosia_insulae_DS_56
comm_2_244	Xylophilus_ampelinus_CCH5_B3
comm_2_245	Microbacterium_aurum_KACC_15219
comm_2_245	Rugamonas_rubra_ATCC_43154
comm_2_246	Acidovorax_konjaci_DSM_7481
comm_2_246	Hyalangium_minutum_DSM_14724
comm_2_247	Bradyrhizobium_erythrophlei_GAS401
comm_2_247	Flavobacterium_succinicans_LMG_10402
comm_2_248	Flavobacterium_succinicans_LMG_10402
comm_2_248	Microbacterium_aurum_KACC_15219
comm_2_249	Rugamonas_rubra_ATCC_43154
comm_2_249	Sphingomonas_echinoides_ATCC_14820
comm_2_250	Arthrobacter_enclensis_NIO_1008
comm_2_250	Azohydromonas_australica_DSM_1124
comm_2_251	Pedobacter_nyackensis_DSM_19625
comm_2_251	Rugamonas_rubra_ATCC_43154
comm_2_252	Flavobacterium_aquatile_LMG_4008
comm_2_252	Rhodoferax_saidenbachensis_DSM_22694
comm_2_253	Bradyrhizobium_neotropicale_BR_10247
comm_2_253	Sphingomonas_astaxanthinifaciens_DSM_22298
comm_2_254	Arenimonas_oryziterrae_DSM_21050_YC6267
comm_2_254	Pseudorhodoplanes_sinuspersici_RIPI110
comm_2_255	Methylibium_petroleiphilum_PM1
comm_2_255	Sphingomonas_astaxanthinifaciens_DSM_22298
comm_2_256	Arthrobacter_enclensis_NIO_1008
comm_2_256	Solirubrobacter_soli_DSM_22325
comm_2_257	Acidovorax_konjaci_DSM_7481
comm_2_257	Pseudorhodoplanes_sinuspersici_RIPI110
comm_2_258	Arenimonas_oryziterrae_DSM_21050_YC6267
comm_2_258	Bradyrhizobium_neotropicale_BR_10247
comm_2_259	Rugamonas_rubra_ATCC_43154
comm_2_259	Xylophilus_ampelinus_CCH5_B3
comm_2_260	Mycobacterium_obuense_DSM_44075
comm_2_260	Polynucleobacter_asymbioticus_QLW_P1DMWA_1
comm_2_261	Azohydromonas_australica_DSM_1124
comm_2_261	Hyalangium_minutum_DSM_14724
comm_2_262	Devosia_insulae_DS_56
comm_2_262	Solirubrobacter_soli_DSM_22325
comm_2_263	Phenylobacterium_immobile_ATCC_35973_strain_E
comm_2_263	Solirubrobacter_soli_DSM_22325
comm_2_264	Bacillus_circulans_NBRC_13626
comm_2_264	Neorhizobium_galegae_bv_orientalis_str_HAMBI_540
comm_2_265	Brevundimonas_subvibrioides_ATCC_15264
comm_2_265	Massilia_timonae_NEU
comm_2_266	Methylobacillus_rhizosphaerae_Ca_68
comm_2_266	Rhodoferax_fermentans_JCM_7819
comm_2_267	Phenylobacterium_immobile_ATCC_35973_strain_E
comm_2_267	Xylophilus_ampelinus_CCH5_B3
comm_2_268	Bacillus_circulans_NBRC_13626
comm_2_268	Paenisporosarcina_indica_PN2
comm_2_269	Arthrobacter_enclensis_NIO_1008
comm_2_269	Steroidobacter_denitrificans_DSM_18526
comm_2_270	Rugamonas_rubra_ATCC_43154
comm_2_270	Steroidobacter_denitrificans_DSM_18526
comm_2_271	Arenimonas_oryziterrae_DSM_21050_YC6267
comm_2_271	Pseudomonas_fluorescens_F113
comm_2_272	Chthoniobacter_flavus_Ellin428
comm_2_272	Hyalangium_minutum_DSM_14724
comm_2_273	Acidovorax_radicis_N35
comm_2_273	Mycobacterium_obuense_DSM_44075
comm_2_274	Arenimonas_oryziterrae_DSM_21050_YC6267
comm_2_274	Niabella_soli_DSM_19437_JS13_8_DSM_19437
comm_2_275	Devosia_insulae_DS_56
comm_2_275	Sphingomonas_astaxanthinifaciens_DSM_22298
comm_2_276	Arenimonas_oryziterrae_DSM_21050_YC6267
comm_2_276	Pseudomonas_fuscovaginae_LMG_2158
comm_2_277	Chthoniobacter_flavus_Ellin428
comm_2_277	Phenylobacterium_immobile_ATCC_35973_strain_E
comm_2_278	Methylobacillus_rhizosphaerae_Ca_68
comm_2_278	Sediminibacterium_salmoneum_NBRC_103935
comm_2_279	Bacillus_mycoides_ATCC_6462
comm_2_279	Devosia_insulae_DS_56
comm_2_280	Rugamonas_rubra_ATCC_43154
comm_2_280	Sphingomonas_taxi_ATCC_55669
comm_2_281	Chthoniobacter_flavus_Ellin428
comm_2_281	Massilia_timonae_NEU
comm_2_282	Bacillus_mycoides_ATCC_6462
comm_2_282	Pseudomonas_fuscovaginae_LMG_2158
comm_2_283	Devosia_insulae_DS_56
comm_2_283	Hyphomicrobium_facile_DSM_1565
comm_2_284	Paenirhodobacter_enshiensis_DW2_9
comm_2_284	Rugamonas_rubra_ATCC_43154
comm_2_285	Methylibium_petroleiphilum_PM1
comm_2_285	Xylophilus_ampelinus_CCH5_B3
comm_2_286	Aquincola_tertiaricarbonis_MIMtkpLc11
comm_2_286	Caulobacter_henricii_CF287
comm_2_287	Flavobacterium_succinicans_LMG_10402
comm_2_287	Polaromonas_jejuensis_NBRC_106434
comm_2_288	Arenimonas_oryziterrae_DSM_21050_YC6267
comm_2_288	Hyalangium_minutum_DSM_14724
comm_2_289	Bradyrhizobium_erythrophlei_GAS401
comm_2_289	Lacunisphaera_limnophila_IG16b
comm_2_290	Nitrospira_japonica
comm_2_290	Phenylobacterium_immobile_ATCC_35973_strain_E
comm_2_291	Aquincola_tertiaricarbonis_MIMtkpLc11
comm_2_291	Azohydromonas_australica_DSM_1124
comm_2_292	Acidovorax_soli_DSM_25157
comm_2_292	Pseudorhodoplanes_sinuspersici_RIPI110
comm_2_293	Janibacter_melonis_CD11_4
comm_2_293	Massilia_timonae_NEU
comm_2_294	Chthoniobacter_flavus_Ellin428
comm_2_294	Rugamonas_rubra_ATCC_43154
comm_2_295	Acidovorax_soli_DSM_25157
comm_2_295	Caulobacter_henricii_CF287
comm_2_296	Azohydromonas_australica_DSM_1124
comm_2_296	Massilia_timonae_NEU
comm_2_297	Rugamonas_rubra_ATCC_43154
comm_2_297	Solirubrobacter_soli_DSM_22325
comm_2_298	Azohydromonas_australica_DSM_1124
comm_2_298	Pseudomonas_fuscovaginae_LMG_2158
comm_2_299	Acidovorax_konjaci_DSM_7481
comm_2_299	Acidovorax_soli_DSM_25157
comm_2_300	Bacillus_circulans_NBRC_13626
comm_2_300	Bacillus_mycoides_ATCC_6462
comm_2_301	Solirubrobacter_soli_DSM_22325
comm_2_301	Steroidobacter_denitrificans_DSM_18526
comm_2_302	Hyalangium_minutum_DSM_14724
comm_2_302	Rhizobacter_gummiphilus_NS21
comm_2_303	Mycoplasma_wenyonii_str_Massachusetts
comm_2_303	Streptococcus_cristatus_AS_1_3089
comm_2_304	Bradyrhizobium_neotropicale_BR_10247
comm_2_304	Pseudonocardia_acaciae_DSM_45401
comm_2_305	Chthoniobacter_flavus_Ellin428
comm_2_305	Pseudomonas_fuscovaginae_LMG_2158
comm_2_306	Bacillus_mycoides_ATCC_6462
comm_2_306	Pseudorhodoplanes_sinuspersici_RIPI110
comm_2_307	Neorhizobium_galegae_bv_orientalis_str_HAMBI_540
comm_2_307	Pedobacter_agri_PB92
comm_2_308	Hyalangium_minutum_DSM_14724
comm_2_308	Steroidobacter_denitrificans_DSM_18526
comm_2_309	Acidovorax_soli_DSM_25157
comm_2_309	Rhizobacter_gummiphilus_NS21
comm_2_310	Pseudorhodoplanes_sinuspersici_RIPI110
comm_2_310	Steroidobacter_denitrificans_DSM_18526
comm_2_311	Bacillus_mycoides_ATCC_6462
comm_2_311	Massilia_timonae_NEU
comm_2_312	Azohydromonas_australica_DSM_1124
comm_2_312	Niabella_soli_DSM_19437_JS13_8_DSM_19437
comm_2_313	Devosia_insulae_DS_56
comm_2_313	Rhizobium_selenitireducens_ATCC_BAA_1503
comm_2_314	Azohydromonas_australica_DSM_1124
comm_2_314	Phenylobacterium_immobile_ATCC_35973_strain_E
comm_2_315	Corynebacterium_aurimucosum_1237_CAUR
comm_2_315	Mycoplasma_wenyonii_str_Massachusetts
comm_2_316	Microbacterium_aurum_KACC_15219
comm_2_316	Phenylobacterium_immobile_ATCC_35973_strain_E
comm_2_317	Devosia_insulae_DS_56
comm_2_317	Nitrospira_japonica
comm_2_318	Acidovorax_konjaci_DSM_7481
comm_2_318	Bacillus_circulans_NBRC_13626
comm_2_319	Massilia_yuzhufengensis_CGMCC_1_12041
comm_2_319	Pedobacter_oryzae_DSM_19973
comm_2_320	Arenimonas_oryziterrae_DSM_21050_YC6267
comm_2_320	Flavobacterium_succinicans_LMG_10402
comm_2_321	Methylibium_petroleiphilum_PM1
comm_2_321	Nitrospira_japonica
comm_2_322	Massilia_timonae_NEU
comm_2_322	Xylophilus_ampelinus_CCH5_B3
comm_2_323	Bradyrhizobium_neotropicale_BR_10247
comm_2_323	Sphingomonas_koreensis_ABOJV
comm_2_324	Mycobacterium_obuense_DSM_44075
comm_2_324	Sediminibacterium_salmoneum_NBRC_103935
comm_2_325	Rugamonas_rubra_ATCC_43154
comm_2_325	Variovorax_paradoxus_EPS
comm_2_326	Massilia_timonae_NEU
comm_2_326	Paenirhodobacter_enshiensis_DW2_9
comm_2_327	Pseudorhodoplanes_sinuspersici_RIPI110
comm_2_327	Solirubrobacter_soli_DSM_22325
comm_2_328	Bacillus_circulans_NBRC_13626
comm_2_328	Pedobacter_agri_PB92
comm_2_329	Bradyrhizobium_erythrophlei_GAS401
comm_2_329	Rhizobacter_gummiphilus_NS21
comm_2_330	Pandoraea_thiooxydans_ATSB16
comm_2_330	Sediminibacterium_salmoneum_NBRC_103935
comm_2_331	Bacillus_mycoides_ATCC_6462
comm_2_331	Phenylobacterium_immobile_ATCC_35973_strain_E
comm_2_332	Nitrospira_japonica
comm_2_332	Rugamonas_rubra_ATCC_43154
comm_2_333	Nitrospira_japonica
comm_2_333	Steroidobacter_denitrificans_DSM_18526
comm_2_334	Bacillus_mycoides_ATCC_6462
comm_2_334	Rugamonas_rubra_ATCC_43154
comm_2_335	Aquincola_tertiaricarbonis_MIMtkpLc11
comm_2_335	Chthoniobacter_flavus_Ellin428
comm_2_336	Pseudomonas_fuscovaginae_LMG_2158
comm_2_336	Solirubrobacter_soli_DSM_22325
comm_2_337	Hyalangium_minutum_DSM_14724
comm_2_337	Xylophilus_ampelinus_CCH5_B3
comm_2_338	Bradyrhizobium_neotropicale_BR_10247
comm_2_338	Lysobacter_dokdonensis_DS_58
comm_2_339	Acidovorax_soli_DSM_25157
comm_2_339	Aquincola_tertiaricarbonis_MIMtkpLc11
comm_2_340	Chthoniobacter_flavus_Ellin428
comm_2_340	Lacunisphaera_limnophila_IG16b
comm_2_341	Corynebacterium_aurimucosum_1237_CAUR
comm_2_341	Streptococcus_cristatus_AS_1_3089
comm_2_342	Paenirhodobacter_enshiensis_DW2_9
comm_2_342	Solirubrobacter_soli_DSM_22325
comm_2_343	Acidovorax_radicis_N35
comm_2_343	Flavobacterium_aquatile_LMG_4008
comm_2_344	Bacillus_mycoides_ATCC_6462
comm_2_344	Hyalangium_minutum_DSM_14724
comm_2_345	Azohydromonas_australica_DSM_1124
comm_2_345	Rugamonas_rubra_ATCC_43154
comm_2_346	Hydrobacter_penzbergensis_DSM_25353
comm_2_346	Polynucleobacter_duraquae_MWH_MoK4
comm_2_347	Acidovorax_konjaci_DSM_7481
comm_2_347	Solirubrobacter_soli_DSM_22325
comm_2_348	Acidovorax_soli_DSM_25157
comm_2_348	Microbacterium_aurum_KACC_15219
comm_2_349	Arthrobacter_enclensis_NIO_1008
comm_2_349	Xylophilus_ampelinus_CCH5_B3
comm_2_350	Paenirhodobacter_enshiensis_DW2_9
comm_2_350	Steroidobacter_denitrificans_DSM_18526
comm_2_351	Arenimonas_oryziterrae_DSM_21050_YC6267
comm_2_351	Phenylobacterium_immobile_ATCC_35973_strain_E
comm_2_352	Bradyrhizobium_neotropicale_BR_10247
comm_2_352	Parafilimonas_terrae_DSM_28286
comm_2_353	Niabella_soli_DSM_19437_JS13_8_DSM_19437
comm_2_353	Sphingomonas_astaxanthinifaciens_DSM_22298
comm_2_354	Bradyrhizobium_neotropicale_BR_10247
comm_2_354	Sporosarcina_koreensis_S_K12
comm_2_355	Hyalangium_minutum_DSM_14724
comm_2_355	Paenirhodobacter_enshiensis_DW2_9
comm_2_356	Acidovorax_radicis_N35
comm_2_356	Orrella_dioscoreae
comm_2_357	Bacillus_circulans_NBRC_13626
comm_2_357	Chthoniobacter_flavus_Ellin428
comm_2_358	Acidovorax_valerianellae_DSM_16619
comm_2_358	Rhodoferax_saidenbachensis_DSM_22694
comm_2_359	Massilia_timonae_NEU
comm_2_359	Variovorax_paradoxus_EPS
comm_2_360	Paenirhodobacter_enshiensis_DW2_9
comm_2_360	Pseudorhodoplanes_sinuspersici_RIPI110
comm_2_361	Nitrospira_japonica
comm_2_361	Pseudorhodoplanes_sinuspersici_RIPI110
comm_2_362	Acidovorax_soli_DSM_25157
comm_2_362	Neorhizobium_galegae_bv_orientalis_str_HAMBI_540
comm_2_363	Bacillus_circulans_NBRC_13626
comm_2_363	Lacunisphaera_limnophila_IG16b
comm_2_364	Limnohabitans_planktonicus_II_D5
comm_2_364	Massilia_timonae_NEU
comm_2_365	Massilia_timonae_NEU
comm_2_365	Solirubrobacter_soli_DSM_22325
comm_2_366	Azohydromonas_australica_DSM_1124
comm_2_366	Lacunisphaera_limnophila_IG16b
comm_2_367	Acidovorax_konjaci_DSM_7481
comm_2_367	Paenirhodobacter_enshiensis_DW2_9
comm_2_368	Hyalangium_minutum_DSM_14724
comm_2_368	Solirubrobacter_soli_DSM_22325
comm_2_369	Acinetobacter_johnsonii_XBB1
comm_2_369	Megasphaera_cerevisiae_DSM_20462
comm_2_370	Novosphingobium_fuchskuhlense_FNE08_7
comm_2_370	Rhodoferax_saidenbachensis_DSM_22694
comm_2_371	Devosia_insulae_DS_56
comm_2_371	Sphingomonas_koreensis_ABOJV
comm_2_372	Pseudomonas_fuscovaginae_LMG_2158
comm_2_372	Steroidobacter_denitrificans_DSM_18526
comm_2_373	Bradyrhizobium_erythrophlei_GAS401
comm_2_373	Paenirhodobacter_enshiensis_DW2_9
comm_2_374	Acidovorax_konjaci_DSM_7481
comm_2_374	Steroidobacter_denitrificans_DSM_18526
comm_2_375	Massilia_yuzhufengensis_CGMCC_1_12041
comm_2_375	Sphingomonas_taxi_ATCC_55669
comm_2_376	Lysobacter_dokdonensis_DS_58
comm_2_376	Methylibium_petroleiphilum_PM1
comm_2_377	Acidovorax_konjaci_DSM_7481
comm_2_377	Aquincola_tertiaricarbonis_MIMtkpLc11
comm_2_378	Bacillus_circulans_NBRC_13626
comm_2_378	Solirubrobacter_soli_DSM_22325
comm_2_379	Bacillus_mycoides_ATCC_6462
comm_2_379	Bradyrhizobium_erythrophlei_GAS401
comm_2_380	Geothrix_fermentans_DSM_14018
comm_2_380	Rhodoferax_saidenbachensis_DSM_22694
comm_2_381	Massilia_timonae_NEU
comm_2_381	Steroidobacter_denitrificans_DSM_18526
comm_2_382	Marivita_cryptomonadis_CL_SK44
comm_2_382	Pseudomonas_putida_PA14H7
comm_2_383	Arenimonas_oryziterrae_DSM_21050_YC6267
comm_2_383	Rugamonas_rubra_ATCC_43154
comm_2_384	Orrella_dioscoreae
comm_2_384	Polynucleobacter_asymbioticus_QLW_P1DMWA_1
comm_2_385	Arthrobacter_enclensis_NIO_1008
comm_2_385	Nitrospira_japonica
comm_2_386	Pseudomonas_fluorescens_F113
comm_2_386	Sphingomonas_astaxanthinifaciens_DSM_22298
comm_2_387	Arthrobacter_enclensis_NIO_1008
comm_2_387	Rhodomicrobium_sp_R_RK_3
comm_2_388	Azohydromonas_australica_DSM_1124
comm_2_388	Pseudomonas_fluorescens_F113
comm_2_389	Limnohabitans_planktonicus_II_D5
comm_2_389	Rugamonas_rubra_ATCC_43154
comm_2_390	Chthoniobacter_flavus_Ellin428
comm_2_390	Pseudomonas_fluorescens_F113
comm_2_391	Geothrix_fermentans_DSM_14018
comm_2_391	Rhodoferax_fermentans_JCM_7819
comm_2_392	Devosia_insulae_DS_56
comm_2_392	Reyranella_massiliensis_521
comm_2_393	Flavobacterium_succinicans_LMG_10402
comm_2_393	Pedobacter_agri_PB92
comm_2_394	Rugamonas_rubra_ATCC_43154
comm_2_394	Sphingomonas_melonis_TY
comm_2_395	Bradyrhizobium_neotropicale_BR_10247
comm_2_395	Rhodomicrobium_sp_R_RK_3
comm_2_396	Pseudorhodobacter_psychrotolerans_PAMC_27389
comm_2_396	Rhodoferax_saidenbachensis_DSM_22694
comm_2_397	Devosia_insulae_DS_56
comm_2_397	Variovorax_paradoxus_EPS
comm_2_398	Acidovorax_soli_DSM_25157
comm_2_398	Lacunisphaera_limnophila_IG16b
comm_2_399	Bacillus_circulans_NBRC_13626
comm_2_399	Microbacterium_aurum_KACC_15219
comm_2_400	Devosia_insulae_DS_56
comm_2_400	Sphingomonas_melonis_TY
comm_2_401	Hyalangium_minutum_DSM_14724
comm_2_401	Nitrospira_japonica
comm_2_402	Acidovorax_soli_DSM_25157
comm_2_402	Xylophilus_ampelinus_CCH5_B3
comm_2_403	Azohydromonas_australica_DSM_1124
comm_2_403	Bacillus_circulans_NBRC_13626
comm_2_404	Phenylobacterium_immobile_ATCC_35973_strain_E
comm_2_404	Sphingomonas_astaxanthinifaciens_DSM_22298
comm_2_405	Chthoniobacter_flavus_Ellin428
comm_2_405	Niabella_soli_DSM_19437_JS13_8_DSM_19437
comm_2_406	Cyanobium_gracile_PCC_6307
comm_2_406	Rhodoferax_saidenbachensis_DSM_22694
comm_2_407	Phenylobacterium_immobile_ATCC_35973_strain_E
comm_2_407	Simplicispira_psychrophila_DSM_11588
comm_2_408	Bradyrhizobium_neotropicale_BR_10247
comm_2_408	Janibacter_melonis_CD11_4
comm_2_409	Rugamonas_rubra_ATCC_43154
comm_2_409	Sphingomonas_astaxanthinifaciens_DSM_22298
comm_2_410	Nitrospira_japonica
comm_2_410	Solirubrobacter_soli_DSM_22325
comm_2_411	Aquincola_tertiaricarbonis_MIMtkpLc11
comm_2_411	Arenimonas_oryziterrae_DSM_21050_YC6267
comm_2_412	Pseudorhodoplanes_sinuspersici_RIPI110
comm_2_412	Xylophilus_ampelinus_CCH5_B3
comm_2_413	Devosia_insulae_DS_56
comm_2_413	Neorhizobium_galegae_bv_orientalis_str_HAMBI_540
comm_2_414	Arthrobacter_enclensis_NIO_1008
comm_2_414	Lysobacter_dokdonensis_DS_58
comm_2_415	Bacillus_mycoides_ATCC_6462
comm_2_415	Paenirhodobacter_enshiensis_DW2_9
comm_2_416	Bradyrhizobium_neotropicale_BR_10247
comm_2_416	Microbacterium_aurum_KACC_15219
comm_2_417	Microbacterium_aurum_KACC_15219
comm_2_417	Niabella_soli_DSM_19437_JS13_8_DSM_19437
comm_2_418	Arenimonas_oryziterrae_DSM_21050_YC6267
comm_2_418	Bacillus_circulans_NBRC_13626
comm_2_419	Devosia_insulae_DS_56
comm_2_419	Lysobacter_dokdonensis_DS_58
comm_2_420	Acidovorax_konjaci_DSM_7481
comm_2_420	Rhizobacter_gummiphilus_NS21
comm_2_421	Flavobacterium_succinicans_LMG_10402
comm_2_421	Limnohabitans_planktonicus_II_D5
comm_2_422	Methylibium_petroleiphilum_PM1
comm_2_422	Sphingomonas_koreensis_ABOJV
comm_2_423	Flavobacterium_succinicans_LMG_10402
comm_2_423	Methylotenera_versatilis_301
comm_2_424	Janibacter_melonis_CD11_4
comm_2_424	Methylibium_petroleiphilum_PM1
comm_2_425	Massilia_yuzhufengensis_CGMCC_1_12041
comm_2_425	Microbacterium_aurum_KACC_15219
comm_2_426	Clostridium_estertheticum_subsp_estertheticum_DSM_8809
comm_2_426	Flavobacterium_succinicans_LMG_10402
comm_2_427	Azohydromonas_australica_DSM_1124
comm_2_427	Chthoniobacter_flavus_Ellin428
comm_2_428	Hyalangium_minutum_DSM_14724
comm_2_428	Sphingomonas_astaxanthinifaciens_DSM_22298
comm_2_429	Devosia_insulae_DS_56
comm_2_429	Methylotenera_versatilis_301
comm_2_430	Methylibium_petroleiphilum_PM1
comm_2_430	Parafilimonas_terrae_DSM_28286
comm_2_431	Acidovorax_soli_DSM_25157
comm_2_431	Pedobacter_agri_PB92
comm_2_432	Phenylobacterium_immobile_ATCC_35973_strain_E
comm_2_432	Polaromonas_jejuensis_NBRC_106434
comm_2_433	Bacillus_circulans_NBRC_13626
comm_2_433	Paenirhodobacter_enshiensis_DW2_9
comm_2_434	Acidovorax_konjaci_DSM_7481
comm_2_434	Lacunisphaera_limnophila_IG16b
comm_2_435	Bacillus_mycoides_ATCC_6462
comm_2_435	Solirubrobacter_soli_DSM_22325
comm_2_436	Pedobacter_insulae_DSM_18684
comm_2_436	Rugamonas_rubra_ATCC_43154
comm_2_437	Hyphomicrobium_facile_DSM_1565
comm_2_437	Niabella_soli_DSM_19437_JS13_8_DSM_19437
comm_2_438	Pseudonocardia_acaciae_DSM_45401
comm_2_438	Solirubrobacter_soli_DSM_22325
comm_2_439	Arthrobacter_enclensis_NIO_1008
comm_2_439	Janibacter_melonis_CD11_4
comm_2_440	Bradyrhizobium_neotropicale_BR_10247
comm_2_440	Mycobacterium_moriokaense_CIP105393
comm_2_441	Hyalangium_minutum_DSM_14724
comm_2_441	Lysobacter_dokdonensis_DS_58
comm_2_442	Arenimonas_oryziterrae_DSM_21050_YC6267
comm_2_442	Bradyrhizobium_erythrophlei_GAS401
comm_2_443	Devosia_insulae_DS_56
comm_2_443	Janibacter_melonis_CD11_4
comm_2_444	Flavobacterium_aquatile_LMG_4008
comm_2_444	Sediminibacterium_salmoneum_NBRC_103935
comm_2_445	Acidovorax_konjaci_DSM_7481
comm_2_445	Xylophilus_ampelinus_CCH5_B3
comm_2_446	Hyphomicrobium_facile_DSM_1565
comm_2_446	Methylibium_petroleiphilum_PM1
comm_2_447	Clostridium_estertheticum_subsp_estertheticum_DSM_8809
comm_2_447	Massilia_timonae_NEU
comm_2_448	Massilia_timonae_NEU
comm_2_448	Pedobacter_oryzae_DSM_19973
comm_2_449	Arthrobacter_enclensis_NIO_1008
comm_2_449	Reyranella_massiliensis_521
comm_2_450	Acidovorax_radicis_N35
comm_2_450	Cyanobium_gracile_PCC_6307
comm_2_451	Massilia_timonae_NEU
comm_2_451	Sphingomonas_melonis_TY
comm_2_452	Devosia_insulae_DS_56
comm_2_452	Parafilimonas_terrae_DSM_28286
comm_2_453	Acidovorax_konjaci_DSM_7481
comm_2_453	Niabella_soli_DSM_19437_JS13_8_DSM_19437
comm_2_454	Arthrobacter_enclensis_NIO_1008
comm_2_454	Pseudonocardia_acaciae_DSM_45401
comm_2_455	Bacillus_circulans_NBRC_13626
comm_2_455	Rhizobacter_gummiphilus_NS21
comm_2_456	Orrella_dioscoreae
comm_2_456	Rhodoferax_saidenbachensis_DSM_22694
comm_2_457	Hyphomicrobium_facile_DSM_1565
comm_2_457	Massilia_timonae_NEU
comm_2_458	Bradyrhizobium_neotropicale_BR_10247
comm_2_458	Reyranella_massiliensis_521
comm_2_459	Parafilimonas_terrae_DSM_28286
comm_2_459	Phenylobacterium_immobile_ATCC_35973_strain_E
comm_2_460	Pseudorhodoplanes_sinuspersici_RIPI110
comm_2_460	Sphingomonas_astaxanthinifaciens_DSM_22298
comm_2_461	Lysobacter_dokdonensis_DS_58
comm_2_461	Massilia_timonae_NEU
comm_2_462	Methylibium_petroleiphilum_PM1
comm_2_462	Reyranella_massiliensis_521
comm_2_463	Massilia_timonae_NEU
comm_2_463	Mitsuaria_chitosanitabida_NBRC_102408
comm_2_464	Bradyrhizobium_neotropicale_BR_10247
comm_2_464	Caulobacter_henricii_CF287
comm_2_465	Orrella_dioscoreae
comm_2_465	Sediminibacterium_salmoneum_NBRC_103935
comm_2_466	Neorhizobium_galegae_bv_orientalis_str_HAMBI_540
comm_2_466	Phenylobacterium_immobile_ATCC_35973_strain_E
comm_2_467	Lacunisphaera_limnophila_IG16b
comm_2_467	Steroidobacter_denitrificans_DSM_18526
comm_2_468	Devosia_insulae_DS_56
comm_2_468	Rhodomicrobium_sp_R_RK_3
comm_2_469	Methylibium_petroleiphilum_PM1
comm_2_469	Rhodomicrobium_sp_R_RK_3
comm_2_470	Rugamonas_rubra_ATCC_43154
comm_2_470	Sporosarcina_koreensis_S_K12
comm_2_471	Rhizobacter_gummiphilus_NS21
comm_2_471	Xylophilus_ampelinus_CCH5_B3
comm_2_472	Bacillus_mycoides_ATCC_6462
comm_2_472	Pseudomonas_fluorescens_F113
comm_2_473	Massilia_timonae_NEU
comm_2_473	Reyranella_massiliensis_521
comm_2_474	Methylotenera_versatilis_79
comm_2_474	Rhodoferax_saidenbachensis_DSM_22694
comm_2_475	Chthoniobacter_flavus_Ellin428
comm_2_475	Nitrospira_japonica
comm_2_476	Phenylobacterium_immobile_ATCC_35973_strain_E
comm_2_476	Sphingomonas_koreensis_ABOJV
comm_2_477	Acidovorax_radicis_N35
comm_2_477	Novosphingobium_fuchskuhlense_FNE08_7
comm_2_478	Acidovorax_konjaci_DSM_7481
comm_2_478	Nitrospira_japonica
comm_2_479	Bradyrhizobium_neotropicale_BR_10247
comm_2_479	Sphingomonas_melonis_TY
comm_2_480	Pseudorhodoplanes_sinuspersici_RIPI110
comm_2_480	Reyranella_massiliensis_521
comm_2_481	Aquincola_tertiaricarbonis_MIMtkpLc11
comm_2_481	Steroidobacter_denitrificans_DSM_18526
comm_2_482	Devosia_insulae_DS_56
comm_2_482	Sphingomonas_taxi_ATCC_55669
comm_2_483	Acidovorax_soli_DSM_25157
comm_2_483	Arenimonas_oryziterrae_DSM_21050_YC6267
comm_2_484	Phenylobacterium_immobile_ATCC_35973_strain_E
comm_2_484	Sphingomonas_taxi_ATCC_55669
comm_2_485	Bacillus_mycoides_ATCC_6462
comm_2_485	Steroidobacter_denitrificans_DSM_18526
comm_2_486	Arthrobacter_enclensis_NIO_1008
comm_2_486	Microbacterium_aurum_KACC_15219
comm_2_487	Methylibium_petroleiphilum_PM1
comm_2_487	Pseudonocardia_acaciae_DSM_45401
comm_2_488	Parafilimonas_terrae_DSM_28286
comm_2_488	Steroidobacter_denitrificans_DSM_18526
comm_2_489	Bacillus_circulans_NBRC_13626
comm_2_489	Steroidobacter_denitrificans_DSM_18526
comm_2_490	Bradyrhizobium_erythrophlei_GAS401
comm_2_490	Chthoniobacter_flavus_Ellin428
comm_2_491	Brevundimonas_subvibrioides_ATCC_15264
comm_2_491	Rugamonas_rubra_ATCC_43154
comm_2_492	Hyphomicrobium_facile_DSM_1565
comm_2_492	Pseudorhodoplanes_sinuspersici_RIPI110
comm_2_493	Arenimonas_oryziterrae_DSM_21050_YC6267
comm_2_493	Lacunisphaera_limnophila_IG16b
comm_2_494	Microbacterium_aurum_KACC_15219
comm_2_494	Rhizobacter_gummiphilus_NS21
comm_2_495	Pandoraea_thiooxydans_ATSB16
comm_2_495	Polynucleobacter_asymbioticus_QLW_P1DMWA_1
comm_2_496	Bacillus_circulans_NBRC_13626
comm_2_496	Xylophilus_ampelinus_CCH5_B3
comm_2_497	Corynebacterium_fournierii_Marseille_P2948
comm_2_497	Megasphaera_cerevisiae_DSM_20462
comm_2_498	Methylibium_petroleiphilum_PM1
comm_2_498	Sporosarcina_koreensis_S_K12
comm_2_499	Phenylobacterium_immobile_ATCC_35973_strain_E
comm_2_499	Variovorax_paradoxus_EPS
comm_2_500	Bacillus_mycoides_ATCC_6462
comm_2_500	Chthoniobacter_flavus_Ellin428
comm_2_501	Acidovorax_wautersii_DSM_27981
comm_2_501	Rugamonas_rubra_ATCC_43154
comm_2_502	Chthoniobacter_flavus_Ellin428
comm_2_502	Steroidobacter_denitrificans_DSM_18526
comm_2_503	Azohydromonas_australica_DSM_1124
comm_2_503	Bradyrhizobium_erythrophlei_GAS401
comm_2_504	Massilia_timonae_NEU
comm_2_504	Rhodomicrobium_sp_R_RK_3
comm_2_505	Pseudomonas_fluorescens_F113
comm_2_505	Steroidobacter_denitrificans_DSM_18526
comm_2_506	Acidovorax_soli_DSM_25157
comm_2_506	Bradyrhizobium_erythrophlei_GAS401
comm_2_507	Niabella_soli_DSM_19437_JS13_8_DSM_19437
comm_2_507	Reyranella_massiliensis_521
comm_2_508	Bradyrhizobium_neotropicale_BR_10247
comm_2_508	Hyphomicrobium_facile_DSM_1565
comm_2_509	Cyanobium_gracile_PCC_6307
comm_2_509	Polynucleobacter_asymbioticus_QLW_P1DMWA_1
comm_2_510	Phenylobacterium_immobile_ATCC_35973_strain_E
comm_2_510	Rhizobium_selenitireducens_ATCC_BAA_1503
comm_2_511	Lysobacter_dokdonensis_DS_58
comm_2_511	Pseudomonas_fluorescens_F113
comm_2_512	Aquincola_tertiaricarbonis_MIMtkpLc11
comm_2_512	Xylophilus_ampelinus_CCH5_B3
comm_2_513	Rhizobium_leguminosarum_OV483
comm_2_513	Rugamonas_rubra_ATCC_43154
comm_2_514	Hyphomicrobium_facile_DSM_1565
comm_2_514	Pseudomonas_fuscovaginae_LMG_2158
comm_2_515	Bradyrhizobium_erythrophlei_GAS401
comm_2_515	Solirubrobacter_soli_DSM_22325
comm_2_516	Arthrobacter_enclensis_NIO_1008
comm_2_516	Sphingomonas_koreensis_ABOJV
comm_2_517	Caulobacter_henricii_CF287
comm_2_517	Niabella_soli_DSM_19437_JS13_8_DSM_19437
comm_2_518	Pseudorhodoplanes_sinuspersici_RIPI110
comm_2_518	Turneriella_parva_DSM_21527
comm_2_519	Pseudomonas_fluorescens_F113
comm_2_519	Reyranella_massiliensis_521
comm_2_520	Phenylobacterium_immobile_ATCC_35973_strain_E
comm_2_520	Sphingomonas_melonis_TY
comm_2_521	Brevundimonas_subvibrioides_ATCC_15264
comm_2_521	Massilia_yuzhufengensis_CGMCC_1_12041
comm_2_522	Neorhizobium_galegae_bv_orientalis_str_HAMBI_540
comm_2_522	Pedobacter_nyackensis_DSM_19625
comm_2_523	Neorhizobium_galegae_bv_orientalis_str_HAMBI_540
comm_2_523	Sphingomonas_taxi_ATCC_55669
comm_2_524	Pandoraea_thiooxydans_ATSB16
comm_2_524	Rhodoferax_fermentans_JCM_7819
comm_2_525	Massilia_timonae_NEU
comm_2_525	Thalassospira_mesophila_JCM_18969
comm_2_526	Rhizobium_selenitireducens_ATCC_BAA_1503
comm_2_526	Rugamonas_rubra_ATCC_43154
comm_2_527	Acidovorax_soli_DSM_25157
comm_2_527	Sphingomonas_taxi_ATCC_55669
comm_2_528	Bacillus_circulans_NBRC_13626
comm_2_528	Pedobacter_nyackensis_DSM_19625
comm_2_529	Aquincola_tertiaricarbonis_MIMtkpLc11
comm_2_529	Methylotenera_versatilis_301
comm_2_530	Parafilimonas_terrae_DSM_28286
comm_2_530	Solirubrobacter_soli_DSM_22325
comm_2_531	Pedobacter_agri_PB92
comm_2_531	Pedobacter_nyackensis_DSM_19625
comm_2_532	Methylibium_petroleiphilum_PM1
comm_2_532	Turneriella_parva_DSM_21527
comm_2_533	Parafilimonas_terrae_DSM_28286
comm_2_533	Rugamonas_rubra_ATCC_43154
comm_2_534	Janibacter_melonis_CD11_4
comm_2_534	Rugamonas_rubra_ATCC_43154
comm_2_535	Polynucleobacter_asymbioticus_QLW_P1DMWA_1
comm_2_535	Simplicispira_psychrophila_DSM_11588
comm_2_536	Cyanobium_gracile_PCC_6307
comm_2_536	Sediminibacterium_salmoneum_NBRC_103935
comm_2_537	Lysobacter_dokdonensis_DS_58
comm_2_537	Phenylobacterium_immobile_ATCC_35973_strain_E
comm_2_538	Novosphingobium_lentum_NBRC_107847
comm_2_538	Rhodoferax_saidenbachensis_DSM_22694
comm_2_539	Bacillus_humi_DSM_16318
comm_2_539	Buttiauxella_ferragutiae_ATCC_51602
comm_2_540	Acidovorax_valerianellae_DSM_16619
comm_2_540	Aquincola_tertiaricarbonis_MIMtkpLc11
comm_2_541	Steroidobacter_denitrificans_DSM_18526
comm_2_541	Xylophilus_ampelinus_CCH5_B3
comm_2_542	Aquincola_tertiaricarbonis_MIMtkpLc11
comm_2_542	Bacillus_mycoides_ATCC_6462
comm_2_543	Flavobacterium_succinicans_LMG_10402
comm_2_543	Pedobacter_nyackensis_DSM_19625
comm_2_544	Phenylobacterium_immobile_ATCC_35973_strain_E
comm_2_544	Sphingomonas_wittichii_RW1
comm_2_545	Caulobacter_henricii_CF287
comm_2_545	Microbacterium_aurum_KACC_15219
comm_2_546	Flavobacterium_succinicans_LMG_10402
comm_2_546	Variovorax_paradoxus_EPS
comm_2_547	Acidovorax_radicis_N35
comm_2_547	Pseudorhodobacter_psychrotolerans_PAMC_27389
comm_2_548	Arthrobacter_enclensis_NIO_1008
comm_2_548	Hyphomicrobium_facile_DSM_1565
comm_2_549	Arthrobacter_enclensis_NIO_1008
comm_2_549	Sporosarcina_koreensis_S_K12
comm_2_550	Mycobacterium_moriokaense_CIP105393
comm_2_550	Phenylobacterium_immobile_ATCC_35973_strain_E
comm_2_551	Devosia_insulae_DS_56
comm_2_551	Limnohabitans_planktonicus_II_D5
comm_2_552	Nitrospira_japonica
comm_2_552	Paenirhodobacter_enshiensis_DW2_9
comm_2_553	Massilia_timonae_NEU
comm_2_553	Rhizobium_selenitireducens_ATCC_BAA_1503
comm_2_554	Mycobacterium_obuense_DSM_44075
comm_2_554	Polynucleobacter_duraquae_MWH_MoK4
comm_2_555	Methylibium_petroleiphilum_PM1
comm_2_555	Microbacterium_aurum_KACC_15219
comm_2_556	Acidovorax_konjaci_DSM_7481
comm_2_556	Pseudomonas_fluorescens_F113
comm_2_557	Lysobacter_dokdonensis_DS_58
comm_2_557	Pseudorhodoplanes_sinuspersici_RIPI110
comm_2_558	Orrella_dioscoreae
comm_2_558	Polynucleobacter_duraquae_MWH_MoK4
comm_2_559	Massilia_timonae_NEU
comm_2_559	Sphingomonas_koreensis_ABOJV
comm_2_560	Acinetobacter_johnsonii_XBB1
comm_2_560	Mycoplasma_wenyonii_str_Massachusetts
comm_2_561	Bacillus_circulans_NBRC_13626
comm_2_561	Pseudonocardia_acaciae_DSM_45401
comm_2_562	Bacillus_mycoides_ATCC_6462
comm_2_562	Nitrospira_japonica
comm_2_563	Arthrobacter_enclensis_NIO_1008
comm_2_563	Turneriella_parva_DSM_21527
comm_2_564	Massilia_timonae_NEU
comm_2_564	Nitrospira_japonica
comm_2_565	Acidovorax_konjaci_DSM_7481
comm_2_565	Bradyrhizobium_erythrophlei_GAS401
comm_2_566	Bacillus_circulans_NBRC_13626
comm_2_566	Clostridium_estertheticum_subsp_estertheticum_DSM_8809
comm_2_567	Nitrospira_japonica
comm_2_567	Pseudomonas_fuscovaginae_LMG_2158
comm_2_568	Massilia_yuzhufengensis_CGMCC_1_12041
comm_2_568	Paenisporosarcina_indica_PN2
comm_2_569	Niabella_soli_DSM_19437_JS13_8_DSM_19437
comm_2_569	Xylophilus_ampelinus_CCH5_B3
comm_2_570	Aquincola_tertiaricarbonis_MIMtkpLc11
comm_2_570	Reyranella_massiliensis_521
comm_2_571	Nitrospira_japonica
comm_2_571	Parafilimonas_terrae_DSM_28286
comm_2_572	Clostridium_estertheticum_subsp_estertheticum_DSM_8809
comm_2_572	Pseudomonas_fuscovaginae_LMG_2158
comm_2_573	Acidovorax_konjaci_DSM_7481
comm_2_573	Bacillus_mycoides_ATCC_6462
comm_2_574	Lysobacter_dokdonensis_DS_58
comm_2_574	Rugamonas_rubra_ATCC_43154
comm_2_575	Niabella_soli_DSM_19437_JS13_8_DSM_19437
comm_2_575	Steroidobacter_denitrificans_DSM_18526
comm_2_576	Hyalangium_minutum_DSM_14724
comm_2_576	Reyranella_massiliensis_521
comm_2_577	Devosia_insulae_DS_56
comm_2_577	Turneriella_parva_DSM_21527
comm_2_578	Devosia_insulae_DS_56
comm_2_578	Mycobacterium_moriokaense_CIP105393
comm_2_579	Acidovorax_valerianellae_DSM_16619
comm_2_579	Flavobacterium_succinicans_LMG_10402
comm_2_580	Caulobacter_henricii_CF287
comm_2_580	Rhizobacter_gummiphilus_NS21
comm_2_581	Hyphomicrobium_facile_DSM_1565
comm_2_581	Phenylobacterium_immobile_ATCC_35973_strain_E
comm_2_582	Paenirhodobacter_enshiensis_DW2_9
comm_2_582	Pseudomonas_fluorescens_F113
comm_2_583	Bacillus_circulans_NBRC_13626
comm_2_583	Bacillus_eiseniae_FJAT_2352
comm_2_584	Arenimonas_oryziterrae_DSM_21050_YC6267
comm_2_584	Rhizobacter_gummiphilus_NS21
comm_2_585	Lacunisphaera_limnophila_IG16b
comm_2_585	Nitrospira_japonica
comm_2_586	Phenylobacterium_immobile_ATCC_35973_strain_E
comm_2_586	Reyranella_massiliensis_521
comm_2_587	Parafilimonas_terrae_DSM_28286
comm_2_587	Pseudorhodoplanes_sinuspersici_RIPI110
comm_2_588	Arthrobacter_enclensis_NIO_1008
comm_2_588	Limnohabitans_planktonicus_II_D5
comm_2_589	Arthrobacter_enclensis_NIO_1008
comm_2_589	Parafilimonas_terrae_DSM_28286
comm_2_590	Methylobacillus_rhizosphaerae_Ca_68
comm_2_590	Methylobacter_tundripaludum_SV96
comm_2_591	Lacunisphaera_limnophila_IG16b
comm_2_591	Xylophilus_ampelinus_CCH5_B3
comm_2_592	Pseudomonas_fuscovaginae_LMG_2158
comm_2_592	Reyranella_massiliensis_521
comm_2_593	Janibacter_melonis_CD11_4
comm_2_593	Phenylobacterium_immobile_ATCC_35973_strain_E
comm_2_594	Devosia_insulae_DS_56
comm_2_594	Sphingomonas_echinoides_ATCC_14820
comm_2_595	Lysobacter_dokdonensis_DS_58
comm_2_595	Niabella_soli_DSM_19437_JS13_8_DSM_19437
comm_2_596	Aquincola_tertiaricarbonis_MIMtkpLc11
comm_2_596	Sphingomonas_melonis_TY
comm_2_597	Acidovorax_konjaci_DSM_7481
comm_2_597	Flavobacterium_succinicans_LMG_10402
comm_2_598	Chthoniobacter_flavus_Ellin428
comm_2_598	Flavobacterium_succinicans_LMG_10402
comm_2_599	Rugamonas_rubra_ATCC_43154
comm_2_599	Sphingomonas_koreensis_ABOJV
comm_2_600	Lysobacter_dokdonensis_DS_58
comm_2_600	Pseudomonas_fuscovaginae_LMG_2158
comm_2_601	Massilia_putida_6NM_7T
comm_2_601	Massilia_yuzhufengensis_CGMCC_1_12041
comm_2_602	Bradyrhizobium_neotropicale_BR_10247
comm_2_602	Thalassospira_mesophila_JCM_18969
comm_2_603	Pseudomonas_fluorescens_F113
comm_2_603	Xylophilus_ampelinus_CCH5_B3
comm_2_604	Aquincola_tertiaricarbonis_MIMtkpLc11
comm_2_604	Solirubrobacter_soli_DSM_22325
comm_2_605	Arthrobacter_enclensis_NIO_1008
comm_2_605	Thalassospira_mesophila_JCM_18969
comm_2_606	Hyalangium_minutum_DSM_14724
comm_2_606	Sphingomonas_koreensis_ABOJV
comm_2_607	Flavobacterium_succinicans_LMG_10402
comm_2_607	Sphingomonas_astaxanthinifaciens_DSM_22298
comm_2_608	Niabella_soli_DSM_19437_JS13_8_DSM_19437
comm_2_608	Turneriella_parva_DSM_21527
comm_2_609	Bradyrhizobium_erythrophlei_GAS401
comm_2_609	Steroidobacter_denitrificans_DSM_18526
comm_2_610	Aquincola_tertiaricarbonis_MIMtkpLc11
comm_2_610	Nitrospira_japonica
comm_2_611	Hyalangium_minutum_DSM_14724
comm_2_611	Parafilimonas_terrae_DSM_28286
comm_2_612	Nitrospira_japonica
comm_2_612	Xylophilus_ampelinus_CCH5_B3
comm_2_613	Arthrobacter_enclensis_NIO_1008
comm_2_613	Sphingomonas_melonis_TY
comm_2_614	Methylotenera_versatilis_301
comm_2_614	Polaromonas_jejuensis_NBRC_106434
comm_2_615	Acidovorax_valerianellae_DSM_16619
comm_2_615	Phenylobacterium_immobile_ATCC_35973_strain_E
comm_2_616	Brevundimonas_subvibrioides_ATCC_15264
comm_2_616	Flavobacterium_succinicans_LMG_10402
comm_2_617	Lacunisphaera_limnophila_IG16b
comm_2_617	Solirubrobacter_soli_DSM_22325
comm_2_618	Rhizobacter_gummiphilus_NS21
comm_2_618	Steroidobacter_denitrificans_DSM_18526
comm_2_619	Acidovorax_valerianellae_DSM_16619
comm_2_619	Massilia_timonae_NEU
comm_2_620	Devosia_insulae_DS_56
comm_2_620	Sphingomonas_wittichii_RW1
comm_2_621	Azohydromonas_australica_DSM_1124
comm_2_621	Flavobacterium_succinicans_LMG_10402
comm_2_622	Solirubrobacter_soli_DSM_22325
comm_2_622	Xylophilus_ampelinus_CCH5_B3
comm_2_623	Flavobacterium_succinicans_LMG_10402
comm_2_623	Xylophilus_ampelinus_CCH5_B3
comm_2_624	Limnohabitans_planktonicus_II_D5
comm_2_624	Pseudomonas_fluorescens_F113
comm_2_625	Noviherbaspirillum_denitrificans_TSA40
comm_2_625	Sediminibacterium_salmoneum_NBRC_103935
comm_2_626	Acidovorax_soli_DSM_25157
comm_2_626	Pedobacter_nyackensis_DSM_19625
comm_2_627	Corynebacterium_aurimucosum_1237_CAUR
comm_2_627	Corynebacterium_fournierii_Marseille_P2948
comm_2_628	Pseudomonas_fuscovaginae_LMG_2158
comm_2_628	Rhodomicrobium_sp_R_RK_3
comm_2_629	Devosia_insulae_DS_56
comm_2_629	Sporosarcina_koreensis_S_K12
comm_2_630	Flavobacterium_succinicans_LMG_10402
comm_2_630	Reyranella_massiliensis_521
comm_2_631	Methylotenera_versatilis_301
comm_2_631	Niabella_soli_DSM_19437_JS13_8_DSM_19437
comm_2_632	Methylibium_petroleiphilum_PM1
comm_2_632	Sphingomonas_melonis_TY
comm_2_633	Bacillus_circulans_NBRC_13626
comm_2_633	Nitrospira_japonica
comm_2_634	Acidovorax_konjaci_DSM_7481
comm_2_634	Parafilimonas_terrae_DSM_28286
comm_2_635	Lacunisphaera_limnophila_IG16b
comm_2_635	Paenirhodobacter_enshiensis_DW2_9
comm_2_636	Acinetobacter_johnsonii_XBB1
comm_2_636	Corynebacterium_aurimucosum_1237_CAUR
comm_2_637	Acidovorax_konjaci_DSM_7481
comm_2_637	Chthoniobacter_flavus_Ellin428
comm_2_638	Bradyrhizobium_neotropicale_BR_10247
comm_2_638	Variovorax_paradoxus_EPS
comm_2_639	Acidovorax_soli_DSM_25157
comm_2_639	Variovorax_paradoxus_EPS
comm_2_640	Bacillus_mycoides_ATCC_6462
comm_2_640	Pseudonocardia_acaciae_DSM_45401
comm_2_641	Flavobacterium_succinicans_LMG_10402
comm_2_641	Mitsuaria_chitosanitabida_NBRC_102408
comm_2_642	Niabella_soli_DSM_19437_JS13_8_DSM_19437
comm_2_642	Rhodomicrobium_sp_R_RK_3
comm_2_643	Chthoniobacter_flavus_Ellin428
comm_2_643	Paenirhodobacter_enshiensis_DW2_9
comm_2_644	Bacillus_mycoides_ATCC_6462
comm_2_644	Lacunisphaera_limnophila_IG16b
comm_2_645	Massilia_timonae_NEU
comm_2_645	Turneriella_parva_DSM_21527
comm_2_646	Flavobacterium_aquatile_LMG_4008
comm_2_646	Polynucleobacter_asymbioticus_QLW_P1DMWA_1
comm_2_647	Acinetobacter_johnsonii_XBB1
comm_2_647	Streptococcus_cristatus_AS_1_3089
comm_2_648	Paenirhodobacter_enshiensis_DW2_9
comm_2_648	Parafilimonas_terrae_DSM_28286
comm_2_649	Flavobacterium_succinicans_LMG_10402
comm_2_649	Simplicispira_psychrophila_DSM_11588
comm_2_650	Caulobacter_henricii_CF287
comm_2_650	Pseudomonas_fluorescens_F113
comm_2_651	Reyranella_massiliensis_521
comm_2_651	Rugamonas_rubra_ATCC_43154
comm_2_652	Neorhizobium_galegae_bv_orientalis_str_HAMBI_540
comm_2_652	Pseudomonas_putida_PA14H7
comm_2_653	Phenylobacterium_immobile_ATCC_35973_strain_E
comm_2_653	Sporosarcina_koreensis_S_K12
comm_2_654	Pseudonocardia_acaciae_DSM_45401
comm_2_654	Rugamonas_rubra_ATCC_43154
comm_2_655	Bacillus_circulans_NBRC_13626
comm_2_655	Lysobacter_dokdonensis_DS_58
comm_2_656	Aquincola_tertiaricarbonis_MIMtkpLc11
comm_2_656	Paenirhodobacter_enshiensis_DW2_9
comm_2_657	Azohydromonas_australica_DSM_1124
comm_2_657	Steroidobacter_denitrificans_DSM_18526
comm_2_658	Aminobacter_aminovorans_KCTC_2477
comm_2_658	Devosia_insulae_DS_56
comm_2_659	Methylibium_petroleiphilum_PM1
comm_2_659	Mycobacterium_moriokaense_CIP105393
comm_2_660	Pseudorhodoplanes_sinuspersici_RIPI110
comm_2_660	Sporosarcina_koreensis_S_K12
comm_2_661	Bradyrhizobium_neotropicale_BR_10247
comm_2_661	Limnohabitans_planktonicus_II_D5
comm_2_662	Chthoniobacter_flavus_Ellin428
comm_2_662	Solirubrobacter_soli_DSM_22325
comm_2_663	Massilia_timonae_NEU
comm_2_663	Pseudonocardia_acaciae_DSM_45401
comm_2_664	Arenimonas_oryziterrae_DSM_21050_YC6267
comm_2_664	Azohydromonas_australica_DSM_1124
comm_2_665	Novosphingobium_fuchskuhlense_FNE08_7
comm_2_665	Sediminibacterium_salmoneum_NBRC_103935
comm_2_666	Pseudomonas_fluorescens_F113
comm_2_666	Turneriella_parva_DSM_21527
comm_2_667	Beijerinckia_indica_subsp_indica_ATCC_9039
comm_2_667	Methylobacter_tundripaludum_SV96
comm_2_668	Aquincola_tertiaricarbonis_MIMtkpLc11
comm_2_668	Sphingomonas_astaxanthinifaciens_DSM_22298
comm_2_669	Acidovorax_konjaci_DSM_7481
comm_2_669	Sphingomonas_koreensis_ABOJV
comm_2_670	Bacillus_humi_DSM_16318
comm_2_670	Megasphaera_cerevisiae_DSM_20462
comm_2_671	Lacunisphaera_limnophila_IG16b
comm_2_671	Reyranella_massiliensis_521
comm_2_672	Acidovorax_soli_DSM_25157
comm_2_672	Steroidobacter_denitrificans_DSM_18526
comm_2_673	Pedobacter_agri_PB92
comm_2_673	Pseudomonas_putida_PA14H7
comm_2_674	Acidovorax_valerianellae_DSM_16619
comm_2_674	Niabella_soli_DSM_19437_JS13_8_DSM_19437
comm_2_675	Mycobacterium_moriokaense_CIP105393
comm_2_675	Pseudorhodoplanes_sinuspersici_RIPI110
comm_2_676	Bradyrhizobium_neotropicale_BR_10247
comm_2_676	Neorhizobium_galegae_bv_orientalis_str_HAMBI_540
comm_2_677	Bradyrhizobium_neotropicale_BR_10247
comm_2_677	Rhizobium_selenitireducens_ATCC_BAA_1503
comm_2_678	Microbacterium_aurum_KACC_15219
comm_2_678	Pseudomonas_fluorescens_F113
comm_2_679	Aquincola_tertiaricarbonis_MIMtkpLc11
comm_2_679	Microbacterium_aurum_KACC_15219
comm_2_680	Acidovorax_wautersii_DSM_27981
comm_2_680	Devosia_insulae_DS_56
comm_2_681	Streptococcus_cristatus_AS_1_3089
comm_2_681	Streptococcus_salivarius_NCTC_8618
comm_2_682	Pseudorhodobacter_psychrotolerans_PAMC_27389
comm_2_682	Sediminibacterium_salmoneum_NBRC_103935
comm_2_683	Massilia_timonae_NEU
comm_2_683	Parafilimonas_terrae_DSM_28286
comm_2_684	Paenirhodobacter_enshiensis_DW2_9
comm_2_684	Rhizobacter_gummiphilus_NS21
comm_2_685	Hyalangium_minutum_DSM_14724
comm_2_685	Hyphomicrobium_facile_DSM_1565
comm_2_686	Bradyrhizobium_neotropicale_BR_10247
comm_2_686	Turneriella_parva_DSM_21527
comm_2_687	Bradyrhizobium_neotropicale_BR_10247
comm_2_687	Sphingomonas_jaspsi_DSM_18422
comm_2_688	Devosia_insulae_DS_56
comm_2_688	Mesorhizobium_ciceri_ca181
comm_2_689	Rugamonas_rubra_ATCC_43154
comm_2_689	Thalassospira_mesophila_JCM_18969
comm_2_690	Pedobacter_oryzae_DSM_19973
comm_2_690	Rugamonas_rubra_ATCC_43154
comm_2_691	Acidovorax_soli_DSM_25157
comm_2_691	Limnohabitans_planktonicus_II_D5
comm_2_692	Pseudomonas_fluorescens_F113
comm_2_692	Rhodomicrobium_sp_R_RK_3
comm_2_693	Devosia_insulae_DS_56
comm_2_693	Pseudonocardia_acaciae_DSM_45401
comm_2_694	Acidovorax_soli_DSM_25157
comm_2_694	Lysobacter_dokdonensis_DS_58
comm_2_695	Bacillus_mycoides_ATCC_6462
comm_2_695	Niabella_soli_DSM_19437_JS13_8_DSM_19437
comm_2_696	Devosia_insulae_DS_56
comm_2_696	Rhizobium_leguminosarum_OV483
comm_2_697	Arthrobacter_luteolus_NBRC_107841
comm_2_697	Pseudomonas_putida_PA14H7
comm_2_698	Pseudorhodoplanes_sinuspersici_RIPI110
comm_2_698	Rhodomicrobium_sp_R_RK_3
comm_2_699	Hyalangium_minutum_DSM_14724
comm_2_699	Sporosarcina_koreensis_S_K12
comm_2_700	Aquincola_tertiaricarbonis_MIMtkpLc11
comm_2_700	Turneriella_parva_DSM_21527
comm_2_701	Devosia_insulae_DS_56
comm_2_701	Sphingomonas_jaspsi_DSM_18422
comm_2_702	Pseudonocardia_acaciae_DSM_45401
comm_2_702	Steroidobacter_denitrificans_DSM_18526
comm_2_703	Acidovorax_soli_DSM_25157
comm_2_703	Sphingomonas_astaxanthinifaciens_DSM_22298
comm_2_704	Mitsuaria_chitosanitabida_NBRC_102408
comm_2_704	Niabella_soli_DSM_19437_JS13_8_DSM_19437
comm_2_705	Rhizobacter_gummiphilus_NS21
comm_2_705	Variovorax_paradoxus_EPS
comm_2_706	Phenylobacterium_immobile_ATCC_35973_strain_E
comm_2_706	Pseudonocardia_acaciae_DSM_45401
comm_2_707	Devosia_insulae_DS_56
comm_2_707	Mitsuaria_chitosanitabida_NBRC_102408
comm_2_708	Brevundimonas_subvibrioides_ATCC_15264
comm_2_708	Pedobacter_nyackensis_DSM_19625
comm_2_709	Haemophilus_haemoglobinophilus_CCUG_3714
comm_2_709	Streptococcus_cristatus_AS_1_3089
comm_2_710	Acidovorax_konjaci_DSM_7481
comm_2_710	Azohydromonas_australica_DSM_1124
comm_2_711	Bradyrhizobium_neotropicale_BR_10247
comm_2_711	Streptomyces_griseoruber_NRRL_B_1818
comm_2_712	Chthoniobacter_flavus_Ellin428
comm_2_712	Rhizobacter_gummiphilus_NS21
comm_2_713	Niabella_soli_DSM_19437_JS13_8_DSM_19437
comm_2_713	Paenirhodobacter_enshiensis_DW2_9
comm_2_714	Pseudomonas_fuscovaginae_LMG_2158
comm_2_714	Pseudonocardia_acaciae_DSM_45401
comm_2_715	Acidovorax_konjaci_DSM_7481
comm_2_715	Sphingomonas_astaxanthinifaciens_DSM_22298
comm_2_716	Paenirhodobacter_enshiensis_DW2_9
comm_2_716	Xylophilus_ampelinus_CCH5_B3
comm_2_717	Noviherbaspirillum_denitrificans_TSA40
comm_2_717	Phenylobacterium_immobile_ATCC_35973_strain_E
comm_2_718	Acidovorax_wautersii_DSM_27981
comm_2_718	Massilia_timonae_NEU
comm_2_719	Gemella_haemolysans_ATCC_10379
comm_2_719	Streptococcus_cristatus_AS_1_3089
comm_2_720	Rhizobacter_gummiphilus_NS21
comm_2_720	Solirubrobacter_soli_DSM_22325
comm_2_721	Geothrix_fermentans_DSM_14018
comm_2_721	Methylobacter_tundripaludum_SV96
comm_2_722	Corynebacterium_fournierii_Marseille_P2948
comm_2_722	Mycoplasma_wenyonii_str_Massachusetts
comm_2_723	Bradyrhizobium_neotropicale_BR_10247
comm_2_723	Mesorhizobium_ciceri_ca181
comm_2_724	Massilia_timonae_NEU
comm_2_724	Sphingomonas_wittichii_RW1
comm_2_725	Pseudorhodoplanes_sinuspersici_RIPI110
comm_2_725	Sphingomonas_koreensis_ABOJV
comm_2_726	Aminobacter_aminovorans_KCTC_2477
comm_2_726	Massilia_timonae_NEU
comm_2_727	Clostridium_estertheticum_subsp_estertheticum_DSM_8809
comm_2_727	Devosia_insulae_DS_56
comm_2_728	Bradyrhizobium_erythrophlei_GAS401
comm_2_728	Hyphomicrobium_facile_DSM_1565
comm_2_729	Janibacter_melonis_CD11_4
comm_2_729	Pseudorhodoplanes_sinuspersici_RIPI110
comm_2_730	Hyphomicrobium_facile_DSM_1565
comm_2_730	Pseudomonas_fluorescens_F113
comm_2_731	Acidovorax_konjaci_DSM_7481
comm_2_731	Lysobacter_dokdonensis_DS_58
comm_2_732	Caulobacter_henricii_CF287
comm_2_732	Polaromonas_jejuensis_NBRC_106434
comm_2_733	Methylobacter_tundripaludum_SV96
comm_2_733	Orrella_dioscoreae
comm_2_734	Lacunisphaera_limnophila_IG16b
comm_2_734	Microbacterium_aurum_KACC_15219
comm_2_735	Caldimonas_manganoxidans_ATCC_BAA_369
comm_2_735	Pseudomonas_fuscovaginae_LMG_2158
comm_2_736	Massilia_timonae_NEU
comm_2_736	Ralstonia_mannitolilytica_SN82F48
comm_2_737	Aquincola_tertiaricarbonis_MIMtkpLc11
comm_2_737	Hyphomicrobium_facile_DSM_1565
comm_2_738	Bradyrhizobium_neotropicale_BR_10247
comm_2_738	Rhizobium_leguminosarum_OV483
comm_2_739	Pseudomonas_fuscovaginae_LMG_2158
comm_2_739	Turneriella_parva_DSM_21527
comm_2_740	Bradyrhizobium_erythrophlei_GAS401
comm_2_740	Microbacterium_aurum_KACC_15219
comm_2_741	Bacillus_circulans_NBRC_13626
comm_2_741	Parafilimonas_terrae_DSM_28286
comm_2_742	Hyalangium_minutum_DSM_14724
comm_2_742	Mycobacterium_moriokaense_CIP105393
comm_2_743	Polynucleobacter_duraquae_MWH_MoK4
comm_2_743	Simplicispira_psychrophila_DSM_11588
comm_2_744	Limnohabitans_planktonicus_II_D5
comm_2_744	Niabella_soli_DSM_19437_JS13_8_DSM_19437
comm_2_745	Bacillus_mycoides_ATCC_6462
comm_2_745	Xylophilus_ampelinus_CCH5_B3
comm_2_746	Acidovorax_soli_DSM_25157
comm_2_746	Paenirhodobacter_enshiensis_DW2_9
comm_2_747	Rhizobacter_gummiphilus_NS21
comm_2_747	Sphingomonas_astaxanthinifaciens_DSM_22298
comm_2_748	Phenylobacterium_immobile_ATCC_35973_strain_E
comm_2_748	Rhizobium_leguminosarum_OV483
comm_2_749	Hyalangium_minutum_DSM_14724
comm_2_749	Turneriella_parva_DSM_21527
comm_2_750	Clostridium_estertheticum_subsp_estertheticum_DSM_8809
comm_2_750	Niabella_soli_DSM_19437_JS13_8_DSM_19437
comm_2_751	Marivita_cryptomonadis_CL_SK44
comm_2_751	Megasphaera_cerevisiae_DSM_20462
comm_2_752	Mycobacterium_moriokaense_CIP105393
comm_2_752	Rugamonas_rubra_ATCC_43154
comm_2_753	Bacillus_circulans_NBRC_13626
comm_2_753	Variovorax_paradoxus_EPS
comm_2_754	Acidovorax_valerianellae_DSM_16619
comm_2_754	Pseudorhodoplanes_sinuspersici_RIPI110
comm_2_755	Variovorax_paradoxus_EPS
comm_2_755	Xylophilus_ampelinus_CCH5_B3
comm_2_756	Acidovorax_soli_DSM_25157
comm_2_756	Acidovorax_wautersii_DSM_27981
comm_2_757	Paenirhodobacter_enshiensis_DW2_9
comm_2_757	Pseudonocardia_acaciae_DSM_45401
comm_2_758	Lysobacter_dokdonensis_DS_58
comm_2_758	Steroidobacter_denitrificans_DSM_18526
comm_2_759	Caulobacter_henricii_CF287
comm_2_759	Methylotenera_versatilis_301
comm_2_760	Herbaspirillum_rhizosphaerae_UMS_37
comm_2_760	Phenylobacterium_immobile_ATCC_35973_strain_E
comm_2_761	Chthoniobacter_flavus_Ellin428
comm_2_761	Parafilimonas_terrae_DSM_28286
comm_2_762	Caulobacter_henricii_CF287
comm_2_762	Lacunisphaera_limnophila_IG16b
comm_2_763	Methylibium_petroleiphilum_PM1
comm_2_763	Sphingomonas_jaspsi_DSM_18422
comm_2_764	Azohydromonas_australica_DSM_1124
comm_2_764	Rhizobacter_gummiphilus_NS21
comm_2_765	Phenylobacterium_immobile_ATCC_35973_strain_E
comm_2_765	Sphingomonas_echinoides_ATCC_14820
comm_2_766	Lacunisphaera_limnophila_IG16b
comm_2_766	Sphingomonas_astaxanthinifaciens_DSM_22298
comm_2_767	Paenirhodobacter_enshiensis_DW2_9
comm_2_767	Sphingomonas_koreensis_ABOJV
comm_2_768	Niabella_soli_DSM_19437_JS13_8_DSM_19437
comm_2_768	Rhizobium_selenitireducens_ATCC_BAA_1503
comm_2_769	Acidovorax_soli_DSM_25157
comm_2_769	Azohydromonas_australica_DSM_1124
comm_2_770	Acidovorax_konjaci_DSM_7481
comm_2_770	Janibacter_melonis_CD11_4
comm_2_771	Bacillus_mycoides_ATCC_6462
comm_2_771	Flavobacterium_succinicans_LMG_10402
comm_2_772	Geothrix_fermentans_DSM_14018
comm_2_772	Sediminibacterium_salmoneum_NBRC_103935
comm_2_773	Flavobacterium_succinicans_LMG_10402
comm_2_773	Herbaspirillum_rhizosphaerae_UMS_37
comm_2_774	Mycobacterium_moriokaense_CIP105393
comm_2_774	Steroidobacter_denitrificans_DSM_18526
comm_2_775	Aquincola_tertiaricarbonis_MIMtkpLc11
comm_2_775	Sphingomonas_echinoides_ATCC_14820
comm_2_776	Pseudomonas_fluorescens_F113
comm_2_776	Solirubrobacter_soli_DSM_22325
comm_2_777	Bradyrhizobium_neotropicale_BR_10247
comm_2_777	Sphingomonas_echinoides_ATCC_14820
comm_2_778	Arenimonas_oryziterrae_DSM_21050_YC6267
comm_2_778	Reyranella_massiliensis_521
comm_2_779	Solirubrobacter_soli_DSM_22325
comm_2_779	Sporosarcina_koreensis_S_K12
comm_2_780	Microbacterium_aurum_KACC_15219
comm_2_780	Pseudorhodoplanes_sinuspersici_RIPI110
comm_2_781	Azohydromonas_australica_DSM_1124
comm_2_781	Nitrospira_japonica
comm_2_782	Neorhizobium_galegae_bv_orientalis_str_HAMBI_540
comm_2_782	Sphingomonas_echinoides_ATCC_14820
comm_2_783	Acinetobacter_harbinensis_HITLi_7
comm_2_783	Bacillus_humi_DSM_16318
comm_2_784	Hyphomicrobium_facile_DSM_1565
comm_2_784	Rugamonas_rubra_ATCC_43154
comm_2_785	Bradyrhizobium_erythrophlei_GAS401
comm_2_785	Xylophilus_ampelinus_CCH5_B3
comm_2_786	Methylibium_petroleiphilum_PM1
comm_2_786	Thalassospira_mesophila_JCM_18969
comm_2_787	Acidovorax_soli_DSM_25157
comm_2_787	Sphingomonas_melonis_TY
comm_2_788	Nitrospira_japonica
comm_2_788	Pseudonocardia_acaciae_DSM_45401
comm_2_789	Bradyrhizobium_neotropicale_BR_10247
comm_2_789	Pseudonocardia_oroxyli_CGMCC_4_3143
comm_2_790	Bradyrhizobium_erythrophlei_GAS401
comm_2_790	Reyranella_massiliensis_521
comm_2_791	Acidovorax_soli_DSM_25157
comm_2_791	Chthoniobacter_flavus_Ellin428
comm_2_792	Azohydromonas_australica_DSM_1124
comm_2_792	Bacillus_mycoides_ATCC_6462
comm_2_793	Limnohabitans_planktonicus_II_D5
comm_2_793	Phenylobacterium_immobile_ATCC_35973_strain_E
comm_2_794	Buttiauxella_ferragutiae_ATCC_51602
comm_2_794	Pseudomonas_putida_PA14H7
comm_2_795	Phenylobacterium_immobile_ATCC_35973_strain_E
comm_2_795	Thalassospira_mesophila_JCM_18969
comm_2_796	Megasphaera_cerevisiae_DSM_20462
comm_2_796	Streptococcus_salivarius_NCTC_8618
comm_2_797	Mesorhizobium_ciceri_ca181
comm_2_797	Phenylobacterium_immobile_ATCC_35973_strain_E
comm_2_798	Devosia_insulae_DS_56
comm_2_798	Pedobacter_agri_PB92
comm_2_799	Acidovorax_soli_DSM_25157
comm_2_799	Solirubrobacter_soli_DSM_22325
comm_2_800	Arthrobacter_enclensis_NIO_1008
comm_2_800	Variovorax_paradoxus_EPS
comm_2_801	Chthoniobacter_flavus_Ellin428
comm_2_801	Xylophilus_ampelinus_CCH5_B3
comm_2_802	Bacillus_mycoides_ATCC_6462
comm_2_802	Parafilimonas_terrae_DSM_28286
comm_2_803	Aquincola_tertiaricarbonis_MIMtkpLc11
comm_2_803	Variovorax_paradoxus_EPS
comm_2_804	Acidovorax_konjaci_DSM_7481
comm_2_804	Caulobacter_henricii_CF287
comm_2_805	Methylotenera_versatilis_301
comm_2_805	Phenylobacterium_immobile_ATCC_35973_strain_E
comm_2_806	Janibacter_melonis_CD11_4
comm_2_806	Solirubrobacter_soli_DSM_22325
comm_2_807	Finegoldia_magna_ATCC_29328
comm_2_807	Megasphaera_cerevisiae_DSM_20462
comm_2_808	Hyphomicrobium_facile_DSM_1565
comm_2_808	Lacunisphaera_limnophila_IG16b
comm_2_809	Acidovorax_valerianellae_DSM_16619
comm_2_809	Devosia_insulae_DS_56
comm_2_810	Beijerinckia_indica_subsp_indica_ATCC_9039
comm_2_810	Methylobacillus_rhizosphaerae_Ca_68
comm_2_811	Aquincola_tertiaricarbonis_MIMtkpLc11
comm_2_811	Mycobacterium_moriokaense_CIP105393
comm_2_812	Flavobacterium_succinicans_LMG_10402
comm_2_812	Rhizobium_selenitireducens_ATCC_BAA_1503
comm_2_813	Herbaspirillum_rhizosphaerae_UMS_37
comm_2_813	Polaromonas_jejuensis_NBRC_106434
comm_2_814	Caulobacter_henricii_CF287
comm_2_814	Rhizobium_selenitireducens_ATCC_BAA_1503
comm_2_815	Acidovorax_konjaci_DSM_7481
comm_2_815	Sporosarcina_koreensis_S_K12
comm_2_816	Pseudomonas_fluorescens_F113
comm_2_816	Variovorax_paradoxus_EPS
comm_2_817	Flavobacterium_succinicans_LMG_10402
comm_2_817	Hyphomicrobium_facile_DSM_1565
comm_2_818	Devosia_insulae_DS_56
comm_2_818	Thalassospira_mesophila_JCM_18969
comm_2_819	Acidovorax_wautersii_DSM_27981
comm_2_819	Phenylobacterium_immobile_ATCC_35973_strain_E
comm_2_820	Arthrobacter_enclensis_NIO_1008
comm_2_820	Mycobacterium_moriokaense_CIP105393
comm_2_821	Hyalangium_minutum_DSM_14724
comm_2_821	Rhodomicrobium_sp_R_RK_3
comm_2_822	Flavobacterium_succinicans_LMG_10402
comm_2_822	Turneriella_parva_DSM_21527
comm_2_823	Paenirhodobacter_enshiensis_DW2_9
comm_2_823	Sporosarcina_koreensis_S_K12
comm_2_824	Corynebacterium_fournierii_Marseille_P2948
comm_2_824	Streptococcus_cristatus_AS_1_3089
comm_2_825	Flavobacterium_aquatile_LMG_4008
comm_2_825	Rhodoferax_fermentans_JCM_7819
comm_2_826	Aquincola_tertiaricarbonis_MIMtkpLc11
comm_2_826	Mitsuaria_chitosanitabida_NBRC_102408
comm_2_827	Bacillus_mycoides_ATCC_6462
comm_2_827	Rhizobacter_gummiphilus_NS21
comm_2_828	Limnohabitans_planktonicus_II_D5
comm_2_828	Methylibium_petroleiphilum_PM1
comm_2_829	Caulobacter_henricii_CF287
comm_2_829	Methylibium_petroleiphilum_PM1
comm_2_830	Acidovorax_konjaci_DSM_7481
comm_2_830	Arenimonas_oryziterrae_DSM_21050_YC6267
comm_2_831	Massilia_timonae_NEU
comm_2_831	Rhizobium_leguminosarum_OV483
comm_2_832	Nitrospira_japonica
comm_2_832	Rhizobacter_gummiphilus_NS21
comm_2_833	Phenylobacterium_immobile_ATCC_35973_strain_E
comm_2_833	Rhodomicrobium_sp_R_RK_3
comm_2_834	Bradyrhizobium_erythrophlei_GAS401
comm_2_834	Janibacter_melonis_CD11_4
comm_2_835	Sphingomonas_melonis_TY
comm_2_835	Steroidobacter_denitrificans_DSM_18526
comm_2_836	Rhizobacter_gummiphilus_NS21
comm_2_836	Sphingomonas_melonis_TY
comm_2_837	Bacillus_circulans_NBRC_13626
comm_2_837	Reyranella_massiliensis_521
comm_2_838	Acidovorax_soli_DSM_25157
comm_2_838	Sphingomonas_koreensis_ABOJV
comm_2_839	Lacunisphaera_limnophila_IG16b
comm_2_839	Parafilimonas_terrae_DSM_28286
comm_2_840	Pseudonocardia_acaciae_DSM_45401
comm_2_840	Pseudorhodoplanes_sinuspersici_RIPI110
comm_2_841	Haemophilus_haemoglobinophilus_CCUG_3714
comm_2_841	Megasphaera_cerevisiae_DSM_20462
comm_2_842	Methylibium_petroleiphilum_PM1
comm_2_842	Niabella_ginsenosidivorans_BS26
comm_2_843	Acidovorax_soli_DSM_25157
comm_2_843	Reyranella_massiliensis_521
comm_2_844	Microbacterium_aurum_KACC_15219
comm_2_844	Polaromonas_jejuensis_NBRC_106434
comm_2_845	Bacillus_mycoides_ATCC_6462
comm_2_845	Sporosarcina_koreensis_S_K12
comm_2_846	Arenimonas_oryziterrae_DSM_21050_YC6267
comm_2_846	Chthoniobacter_flavus_Ellin428
comm_2_847	Bacillus_circulans_NBRC_13626
comm_2_847	Cellulomonas_iranensis_NBRC_101100_JCM_18110
comm_2_848	Lacunisphaera_limnophila_IG16b
comm_2_848	Turneriella_parva_DSM_21527
comm_2_849	Niabella_soli_DSM_19437_JS13_8_DSM_19437
comm_2_849	Robbsia_andropogonis_ICMP2807
comm_2_850	Bradyrhizobium_neotropicale_BR_10247
comm_2_850	Sphingomonas_taxi_ATCC_55669
comm_2_851	Pedobacter_nyackensis_DSM_19625
comm_2_851	Pseudomonas_putida_PA14H7
comm_2_852	Methylibium_petroleiphilum_PM1
comm_2_852	Variovorax_paradoxus_EPS
comm_2_853	Arenimonas_oryziterrae_DSM_21050_YC6267
comm_2_853	Lysobacter_dokdonensis_DS_58
comm_2_854	Phenylobacterium_immobile_ATCC_35973_strain_E
comm_2_854	Sphingomonas_jaspsi_DSM_18422
comm_2_855	Bradyrhizobium_neotropicale_BR_10247
comm_2_855	Niabella_ginsenosidivorans_BS26
comm_2_856	Geothrix_fermentans_DSM_14018
comm_2_856	Polynucleobacter_asymbioticus_QLW_P1DMWA_1
comm_2_857	Devosia_insulae_DS_56
comm_2_857	Pedobacter_insulae_DSM_18684
comm_2_858	Bradyrhizobium_erythrophlei_GAS401
comm_2_858	Sphingomonas_astaxanthinifaciens_DSM_22298
comm_2_859	Polynucleobacter_asymbioticus_QLW_P1DMWA_1
comm_2_859	Pseudorhodobacter_psychrotolerans_PAMC_27389
comm_2_860	Acidovorax_konjaci_DSM_7481
comm_2_860	Pseudonocardia_acaciae_DSM_45401
comm_2_861	Mycobacterium_moriokaense_CIP105393
comm_2_861	Solirubrobacter_soli_DSM_22325
comm_2_862	Massilia_timonae_NEU
comm_2_862	Mycobacterium_moriokaense_CIP105393
comm_2_863	Pseudorhodoplanes_sinuspersici_RIPI110
comm_2_863	Sphingomonas_wittichii_RW1
comm_2_864	Nitrospira_japonica
comm_2_864	Pseudomonas_fluorescens_F113
comm_2_865	Bacillus_circulans_NBRC_13626
comm_2_865	Sphingomonas_astaxanthinifaciens_DSM_22298
comm_2_866	Bradyrhizobium_neotropicale_BR_10247
comm_2_866	Dactylosporangium_aurantiacum_NRRL_B_8018
comm_2_867	Niabella_soli_DSM_19437_JS13_8_DSM_19437
comm_2_867	Solirubrobacter_soli_DSM_22325
comm_2_868	Niabella_soli_DSM_19437_JS13_8_DSM_19437
comm_2_868	Variovorax_paradoxus_EPS
comm_2_869	Flavobacterium_succinicans_LMG_10402
comm_2_869	Lysobacter_dokdonensis_DS_58
comm_2_870	Flavobacterium_fluvii_DSM_19978
comm_2_870	Rhodoferax_saidenbachensis_DSM_22694
comm_2_871	Orrella_dioscoreae
comm_2_871	Rhodoferax_fermentans_JCM_7819
comm_2_872	Devosia_insulae_DS_56
comm_2_872	Streptomyces_griseoruber_NRRL_B_1818
comm_2_873	Arthrobacter_enclensis_NIO_1008
comm_2_873	Sphingomonas_jaspsi_DSM_18422
comm_2_874	Lacunisphaera_limnophila_IG16b
comm_2_874	Sphingomonas_melonis_TY
comm_2_875	Acidovorax_konjaci_DSM_7481
comm_2_875	Sphingomonas_melonis_TY
comm_2_876	Pseudorhodoplanes_sinuspersici_RIPI110
comm_2_876	Sphingomonas_melonis_TY
comm_2_877	Brevundimonas_subvibrioides_ATCC_15264
comm_2_877	Caulobacter_henricii_CF287
comm_2_878	Aquincola_tertiaricarbonis_MIMtkpLc11
comm_2_878	Lysobacter_dokdonensis_DS_58
comm_2_879	Sphingomonas_koreensis_ABOJV
comm_2_879	Steroidobacter_denitrificans_DSM_18526
comm_2_880	Arthrobacter_luteolus_NBRC_107841
comm_2_880	Bacillus_circulans_NBRC_13626
comm_2_881	Acidovorax_soli_DSM_25157
comm_2_881	Brevundimonas_subvibrioides_ATCC_15264
comm_2_882	Aquincola_tertiaricarbonis_MIMtkpLc11
comm_2_882	Parafilimonas_terrae_DSM_28286
comm_2_883	Novosphingobium_fuchskuhlense_FNE08_7
comm_2_883	Polynucleobacter_asymbioticus_QLW_P1DMWA_1
comm_2_884	Hyalangium_minutum_DSM_14724
comm_2_884	Sphingomonas_melonis_TY
comm_2_885	Mycobacterium_moriokaense_CIP105393
comm_2_885	Nitrospira_japonica
comm_2_886	Aquincola_tertiaricarbonis_MIMtkpLc11
comm_2_886	Limnohabitans_planktonicus_II_D5
comm_2_887	Aquincola_tertiaricarbonis_MIMtkpLc11
comm_2_887	Sphingomonas_taxi_ATCC_55669
comm_2_888	Mitsuaria_chitosanitabida_NBRC_102408
comm_2_888	Rhodoferax_saidenbachensis_DSM_22694
comm_2_889	Acidovorax_soli_DSM_25157
comm_2_889	Bacillus_mycoides_ATCC_6462
comm_2_890	Niabella_soli_DSM_19437_JS13_8_DSM_19437
comm_2_890	Sphingomonas_melonis_TY
comm_2_891	Acidovorax_soli_DSM_25157
comm_2_891	Pedobacter_oryzae_DSM_19973
comm_2_892	Parafilimonas_terrae_DSM_28286
comm_2_892	Pseudomonas_fuscovaginae_LMG_2158
comm_2_893	Noviherbaspirillum_denitrificans_TSA40
comm_2_893	Simplicispira_psychrophila_DSM_11588
comm_2_894	Methylibium_petroleiphilum_PM1
comm_2_894	Mitsuaria_chitosanitabida_NBRC_102408
comm_2_895	Pseudomonas_fuscovaginae_LMG_2158
comm_2_895	Rhizobium_leguminosarum_OV483
comm_2_896	Azohydromonas_australica_DSM_1124
comm_2_896	Solirubrobacter_soli_DSM_22325
comm_2_897	Acidovorax_radicis_N35
comm_2_897	Flavobacterium_fluvii_DSM_19978
comm_2_898	Flavobacterium_seoulense_EM1321
comm_2_898	Phenylobacterium_immobile_ATCC_35973_strain_E
comm_2_899	Mucilaginibacter_mallensis_MP1X4
comm_2_899	Rugamonas_rubra_ATCC_43154
comm_2_900	Sporosarcina_koreensis_S_K12
comm_2_900	Steroidobacter_denitrificans_DSM_18526
comm_2_901	Arthrobacter_enclensis_NIO_1008
comm_2_901	Sphingomonas_echinoides_ATCC_14820
comm_2_902	Bradyrhizobium_neotropicale_BR_10247
comm_2_902	Jatrophihabitans_endophyticus_DSM_45627
comm_2_903	Acidovorax_soli_DSM_25157
comm_2_903	Pedobacter_insulae_DSM_18684
comm_2_904	Geothrix_fermentans_DSM_14018
comm_2_904	Polynucleobacter_duraquae_MWH_MoK4
comm_2_905	Limnohabitans_planktonicus_II_D5
comm_2_905	Pseudorhodoplanes_sinuspersici_RIPI110
comm_2_906	Niabella_ginsenosidivorans_BS26
comm_2_906	Phenylobacterium_immobile_ATCC_35973_strain_E
comm_2_907	Caulobacter_henricii_CF287
comm_2_907	Sphingomonas_taxi_ATCC_55669
comm_2_908	Phenylobacterium_immobile_ATCC_35973_strain_E
comm_2_908	Streptomyces_griseoruber_NRRL_B_1818
comm_2_909	Aeromicrobium_erythreum_AR18
comm_2_909	Neorhizobium_galegae_bv_orientalis_str_HAMBI_540
comm_2_910	Bradyrhizobium_erythrophlei_GAS401
comm_2_910	Sporosarcina_koreensis_S_K12
comm_2_911	Pedobacter_agri_PB92
comm_2_911	Sphingomonas_echinoides_ATCC_14820
comm_2_912	Dyadobacter_koreensis_DSM_19938
comm_2_912	Pedobacter_agri_PB92
comm_2_913	Parafilimonas_terrae_DSM_28286
comm_2_913	Pseudonocardia_acaciae_DSM_45401
comm_2_914	Arthrobacter_enclensis_NIO_1008
comm_2_914	Streptomyces_griseoruber_NRRL_B_1818
comm_2_915	Cryobacterium_roopkundense_RuG17
comm_2_915	Massilia_timonae_NEU
comm_2_916	Methylotenera_versatilis_301
comm_2_916	Rhodoferax_fermentans_JCM_7819
comm_2_917	Pseudomonas_fluorescens_F113
comm_2_917	Sphingomonas_melonis_TY
comm_2_918	Acidovorax_valerianellae_DSM_16619
comm_2_918	Methylibium_petroleiphilum_PM1
comm_2_919	Lysobacter_dokdonensis_DS_58
comm_2_919	Sphingomonas_astaxanthinifaciens_DSM_22298
comm_2_920	Acinetobacter_johnsonii_XBB1
comm_2_920	Bacillus_humi_DSM_16318
comm_2_921	Acidovorax_soli_DSM_25157
comm_2_921	Rhizobium_selenitireducens_ATCC_BAA_1503
comm_2_922	Aminobacter_aminovorans_KCTC_2477
comm_2_922	Bradyrhizobium_neotropicale_BR_10247
comm_2_923	Niabella_soli_DSM_19437_JS13_8_DSM_19437
comm_2_923	Nitrospira_japonica
comm_2_924	Brevundimonas_subvibrioides_ATCC_15264
comm_2_924	Pedobacter_agri_PB92
comm_2_925	Caldimonas_manganoxidans_ATCC_BAA_369
comm_2_925	Massilia_timonae_NEU
comm_2_926	Bacillus_circulans_NBRC_13626
comm_2_926	Hyphomicrobium_facile_DSM_1565
comm_2_927	Hyalangium_minutum_DSM_14724
comm_2_927	Niabella_ginsenosidivorans_BS26
comm_2_928	Methylotenera_versatilis_79
comm_2_928	Rhodoferax_fermentans_JCM_7819
comm_2_929	Arenimonas_oryziterrae_DSM_21050_YC6267
comm_2_929	Xylophilus_ampelinus_CCH5_B3
comm_2_930	Caldimonas_manganoxidans_ATCC_BAA_369
comm_2_930	Niabella_soli_DSM_19437_JS13_8_DSM_19437
comm_2_931	Neorhizobium_galegae_bv_orientalis_str_HAMBI_540
comm_2_931	Pedobacter_oryzae_DSM_19973
comm_2_932	Aminobacter_aminovorans_KCTC_2477
comm_2_932	Arthrobacter_enclensis_NIO_1008
comm_2_933	Brevundimonas_subvibrioides_ATCC_15264
comm_2_933	Microbacterium_aurum_KACC_15219
comm_2_934	Arthrobacter_enclensis_NIO_1008
comm_2_934	Mesorhizobium_ciceri_ca181
comm_2_935	Bradyrhizobium_neotropicale_BR_10247
comm_2_935	Sphingomonas_wittichii_RW1
comm_2_936	Rhodomicrobium_sp_R_RK_3
comm_2_936	Rugamonas_rubra_ATCC_43154
comm_2_937	Bacillus_circulans_NBRC_13626
comm_2_937	Turneriella_parva_DSM_21527
comm_2_938	Clostridium_estertheticum_subsp_estertheticum_DSM_8809
comm_2_938	Methylibium_petroleiphilum_PM1
comm_2_939	Azohydromonas_australica_DSM_1124
comm_2_939	Reyranella_massiliensis_521
comm_2_940	Bradyrhizobium_neotropicale_BR_10247
comm_2_940	Edaphobacter_aggregans_DSM_19364
comm_2_941	Megasphaera_cerevisiae_DSM_20462
comm_2_941	Moraxella_osloensis_CCUG_350
comm_2_942	Reyranella_massiliensis_521
comm_2_942	Rhizobacter_gummiphilus_NS21
comm_2_943	Niabella_soli_DSM_19437_JS13_8_DSM_19437
comm_2_943	Sphingomonas_koreensis_ABOJV
comm_2_944	Hydrobacter_penzbergensis_DSM_25353
comm_2_944	Rhodoferax_fermentans_JCM_7819
comm_2_945	Hyalangium_minutum_DSM_14724
comm_2_945	Pseudonocardia_acaciae_DSM_45401
comm_2_946	Hyalangium_minutum_DSM_14724
comm_2_946	Sphingomonas_jaspsi_DSM_18422
comm_2_947	Mesorhizobium_ciceri_ca181
comm_2_947	Rugamonas_rubra_ATCC_43154
comm_2_948	Flavobacterium_succinicans_LMG_10402
comm_2_948	Sphingomonas_melonis_TY
comm_2_949	Caulobacter_henricii_CF287
comm_2_949	Neorhizobium_galegae_bv_orientalis_str_HAMBI_540
comm_2_950	Novosphingobium_lentum_NBRC_107847
comm_2_950	Sediminibacterium_salmoneum_NBRC_103935
comm_2_951	Pandoraea_thiooxydans_ATSB16
comm_2_951	Polynucleobacter_duraquae_MWH_MoK4
comm_2_952	Acidovorax_soli_DSM_25157
comm_2_952	Cellulomonas_iranensis_NBRC_101100_JCM_18110
comm_2_953	Rugamonas_rubra_ATCC_43154
comm_2_953	Sphingomonas_jaspsi_DSM_18422
comm_2_954	Arthrobacter_enclensis_NIO_1008
comm_2_954	Paenisporosarcina_indica_PN2
comm_2_955	Hyalangium_minutum_DSM_14724
comm_2_955	Variovorax_paradoxus_EPS
comm_2_956	Bacillus_circulans_NBRC_13626
comm_2_956	Sphingomonas_koreensis_ABOJV
comm_2_957	Dyadobacter_koreensis_DSM_19938
comm_2_957	Pedobacter_nyackensis_DSM_19625
comm_2_958	Methylibium_petroleiphilum_PM1
comm_2_958	Rhizobium_leguminosarum_OV483
comm_2_959	Arenimonas_oryziterrae_DSM_21050_YC6267
comm_2_959	Bacillus_mycoides_ATCC_6462
comm_2_960	Devosia_insulae_DS_56
comm_2_960	Niabella_ginsenosidivorans_BS26
comm_2_961	Cyanobium_gracile_PCC_6307
comm_2_961	Polynucleobacter_duraquae_MWH_MoK4
comm_2_962	Methylibium_petroleiphilum_PM1
comm_2_962	Sphingomonas_wittichii_RW1
comm_2_963	Finegoldia_magna_ATCC_29328
comm_2_963	Streptococcus_cristatus_AS_1_3089
comm_2_964	Niabella_soli_DSM_19437_JS13_8_DSM_19437
comm_2_964	Sphingomonas_jaspsi_DSM_18422
comm_2_965	Solirubrobacter_soli_DSM_22325
comm_2_965	Sphingomonas_koreensis_ABOJV
comm_2_966	Bradyrhizobium_erythrophlei_GAS401
comm_2_966	Rhodomicrobium_sp_R_RK_3
comm_2_967	Novosphingobium_fuchskuhlense_FNE08_7
comm_2_967	Rhodoferax_fermentans_JCM_7819
comm_2_968	Acidovorax_konjaci_DSM_7481
comm_2_968	Neorhizobium_galegae_bv_orientalis_str_HAMBI_540
comm_2_969	Clostridium_estertheticum_subsp_estertheticum_DSM_8809
comm_2_969	Pseudomonas_fluorescens_F113
comm_2_970	Devosia_insulae_DS_56
comm_2_970	Simplicispira_psychrophila_DSM_11588
comm_2_971	Acidovorax_soli_DSM_25157
comm_2_971	Sporosarcina_koreensis_S_K12
comm_2_972	Brevundimonas_subvibrioides_ATCC_15264
comm_2_972	Neorhizobium_galegae_bv_orientalis_str_HAMBI_540
comm_2_973	Microbacterium_aurum_KACC_15219
comm_2_973	Neorhizobium_galegae_bv_orientalis_str_HAMBI_540
comm_2_974	Pedobacter_agri_PB92
comm_2_974	Phenylobacterium_immobile_ATCC_35973_strain_E
comm_2_975	Bradyrhizobium_erythrophlei_GAS401
comm_2_975	Pseudonocardia_acaciae_DSM_45401
comm_2_976	Lysobacter_dokdonensis_DS_58
comm_2_976	Xylophilus_ampelinus_CCH5_B3
comm_2_977	Massilia_timonae_NEU
comm_2_977	Robbsia_andropogonis_ICMP2807
comm_2_978	Parafilimonas_terrae_DSM_28286
comm_2_978	Xylophilus_ampelinus_CCH5_B3
comm_2_979	Lacunisphaera_limnophila_IG16b
comm_2_979	Mycobacterium_moriokaense_CIP105393
comm_2_980	Lacunisphaera_limnophila_IG16b
comm_2_980	Lysobacter_dokdonensis_DS_58
comm_2_981	Lysobacter_dokdonensis_DS_58
comm_2_981	Paenirhodobacter_enshiensis_DW2_9
comm_2_982	Clostridium_estertheticum_subsp_estertheticum_DSM_8809
comm_2_982	Rugamonas_rubra_ATCC_43154
comm_2_983	Dactylosporangium_aurantiacum_NRRL_B_8018
comm_2_983	Devosia_insulae_DS_56
comm_2_984	Arthrobacter_luteolus_NBRC_107841
comm_2_984	Bacillus_psychrosaccharolyticus_ATCC_23296
comm_2_985	Lysobacter_dokdonensis_DS_58
comm_2_985	Rhizobacter_gummiphilus_NS21
comm_2_986	Rugamonas_rubra_ATCC_43154
comm_2_986	Sphingomonas_wittichii_RW1
comm_2_987	Rugamonas_rubra_ATCC_43154
comm_2_987	Streptomyces_griseoruber_NRRL_B_1818
comm_2_988	Lacunisphaera_limnophila_IG16b
comm_2_988	Variovorax_paradoxus_EPS
comm_2_989	Aquincola_tertiaricarbonis_MIMtkpLc11
comm_2_989	Noviherbaspirillum_denitrificans_TSA40
comm_2_990	Bradyrhizobium_erythrophlei_GAS401
comm_2_990	Parafilimonas_terrae_DSM_28286
comm_2_991	Flavobacterium_succinicans_LMG_10402
comm_2_991	Rhodomicrobium_sp_R_RK_3
comm_2_992	Niabella_ginsenosidivorans_BS26
comm_2_992	Pseudorhodoplanes_sinuspersici_RIPI110
comm_2_993	Acidovorax_soli_DSM_25157
comm_2_993	Nitrospira_japonica
comm_2_994	Cyanobium_gracile_PCC_6307
comm_2_994	Mycobacterium_obuense_DSM_44075
comm_2_995	Arenimonas_oryziterrae_DSM_21050_YC6267
comm_2_995	Sphingomonas_astaxanthinifaciens_DSM_22298
comm_2_996	Rhizobacter_gummiphilus_NS21
comm_2_996	Rhizobium_selenitireducens_ATCC_BAA_1503
comm_2_997	Mesorhizobium_ciceri_ca181
comm_2_997	Methylibium_petroleiphilum_PM1
comm_2_998	Massilia_timonae_NEU
comm_2_998	Sphingomonas_jaspsi_DSM_18422
comm_2_999	Caulobacter_henricii_CF287
comm_2_999	Pedobacter_nyackensis_DSM_19625
